1,0.0,0,0,300.0,0.0,0.16183217638233197,0.0
2,2.809619238476954e-05,0,0,300.0,0.0001058088475853154,0.16182800691889354,-0.005718882840291169
3,5.619238476953908e-05,0,0,300.0,0.00021161769517062722,0.1618154985285782,-0.011437765680582341
4,8.428857715430862e-05,0,0,300.0,0.00031072948004898395,0.16179449197369294,-0.01716233643429127
5,0.00011238476953907816,0,0,300.0,0.00038460715872286143,0.1617529520372789,-0.02288304579050212
6,0.0001404809619238477,0,0,300.0,0.0004571120830146853,0.16169766304292077,-0.028594126100059934
7,0.00016857715430861723,0,0,300.0,0.0005288215544440646,0.16163222128841034,-0.03430202118372734
8,0.00019667334669338677,0,0,300.0,0.0006003422715919591,0.16155768291293912,-0.0400079659036178
9,0.00022476953907815632,0,0,300.0,0.0006718036942248488,0.16147453035330137,-0.04571209908265258
10,0.00025286573146292583,0,0,300.0,0.00074340060183604,0.16138299916556742,-0.05141490312059244
11,0.0002809619238476954,0,0,300.0,0.0008152413584767793,0.16128322100982603,-0.05711640497534141
12,0.0003090581162324649,0,0,300.0,0.0008871638281718788,0.16117531841286745,-0.06281647724861858
13,0.00033715430861723446,0,0,300.0,0.0009389252482752575,0.1610682715123291,-0.06850709658581457
14,0.000365250501002004,0,0,300.0,0.0009644622065477862,0.1610164256787427,-0.07407842889349106
15,0.00039334669338677355,0,0,300.0,0.0009819690990428924,0.1609881849297513,-0.07959299261494382
16,0.0004214428857715431,0,0,300.0,0.0009944151515982327,0.16097121560249425,-0.08507684232566459
17,0.00044953907815631263,0,0,300.0,0.0010028761194014742,0.1609596455459793,-0.09054136963976613
18,0.0004776352705410822,0,0,300.0,0.0010087524938634225,0.16095017289410038,-0.09599271261070055
19,0.0005057314629258517,0,0,300.0,0.0010131655489039062,0.16094058542417894,-0.1014351223395509
20,0.0005338276553106213,0,0,300.0,0.001016094212794595,0.16092928109029078,-0.1068711420291442
21,0.0005619238476953907,0,0,300.0,0.0010182837959535006,0.16091503393854234,-0.1123027702660969
22,0.0005900200400801603,0,0,300.0,0.0010199832635562735,0.16089704202302307,-0.11773148597422227
23,0.0006181162324649298,0,0,300.0,0.0010209748671427903,0.16087439083694693,-0.12315811160179896
24,0.0006462124248496994,0,0,300.0,0.0010198582618242433,0.16085369992354503,-0.1285818307899127
25,0.0006743086172344689,0,0,300.0,0.0010236325731973644,0.16088734498572882,-0.13395063018521633
26,0.0007024048096192385,0,0,300.0,0.0010344283701450223,0.1609486224690788,-0.13928326860412052
27,0.000730501002004008,0,0,300.0,0.0010488550876133545,0.16102554826189075,-0.14459351798459139
28,0.0007585971943887776,0,0,300.0,0.001067399207428103,0.16111322879501627,-0.1498885520988676
29,0.0007866933867735471,0,0,300.0,0.0010880693754911981,0.1612076032242391,-0.15517177623013237
30,0.0008147895791583167,0,0,300.0,0.0011108823410447251,0.1613065987160798,-0.1604459363506015
31,0.0008428857715430862,0,0,300.0,0.0011362471313352742,0.1614085838034506,-0.16571347272376785
32,0.0008709819639278558,0,0,300.0,0.0011633217546102158,0.16151196080963473,-0.1709755609152542
33,0.0008990781563126253,0,0,300.0,0.0011920657348736725,0.1616156247145003,-0.17623363797266
34,0.0009271743486973948,0,0,300.0,0.001222335537600113,0.16171880036392258,-0.18148837579188692
35,0.0009552705410821644,0,0,300.0,0.0012540509193264136,0.1618204059078509,-0.18674100381432482
36,0.000983366733466934,0,0,300.0,0.0012874102247190393,0.16192053042351165,-0.19199173856812926
37,0.0010114629258517033,0,0,300.0,0.0013217705862878049,0.1620180745548761,-0.19724105272845277
38,0.001039559118236473,0,0,300.0,0.0013733347566717811,0.16211165177482284,-0.20252242537764853
39,0.0010676553106212425,0,0,300.0,0.0014199185702324613,0.16220724902818648,-0.2078698307516958
40,0.0010957515030060121,0,0,300.0,0.0014562702758999179,0.16234694500281507,-0.21325826470313325
41,0.0011238476953907815,0,0,300.0,0.001489019165206404,0.16250332409828208,-0.218646508784274
42,0.001151943887775551,0,0,300.0,0.0015238177134518551,0.1626726809273958,-0.2240358372985044
43,0.0011800400801603207,0,0,300.0,0.001560824199219649,0.16285115695223043,-0.2294260639942674
44,0.0012081362725450903,0,0,300.0,0.0016007981486849375,0.16303683749215334,-0.23481899258193703
45,0.0012362324649298597,0,0,300.0,0.001642998435111128,0.1632283373822263,-0.2402140263052559
46,0.0012643286573146293,0,0,300.0,0.0016876355663119718,0.16342417786444152,-0.2456120089933111
47,0.0012924248496993989,0,0,300.0,0.0017341559198632694,0.16362303330942718,-0.25101282628438704
48,0.0013205210420841685,0,0,300.0,0.0017835631165586108,0.163824428981977,-0.25641739755543885
49,0.0013486172344689378,0,0,300.0,0.0018350627065403203,0.16402729033135996,-0.26182516486373825
50,0.0013767134268537074,0,0,300.0,0.0018882767188179946,0.1642314234635561,-0.26723624500480925
51,0.001404809619238477,0,0,300.0,0.001943943887764494,0.16443612698766183,-0.27265125926895367
52,0.0014329058116232464,0,0,300.0,0.002001309148423051,0.164640906802932,-0.27807015771440025
53,0.001461002004008016,0,0,300.0,0.002061077168538226,0.1648452260786171,-0.2834929889769441
54,0.0014890981963927856,0,0,300.0,0.0021222657005217156,0.1650487236150585,-0.28891991055338523
55,0.0015171943887775552,0,0,300.0,0.002185580087363661,0.16525134281337847,-0.2943508474360435
56,0.0015452905811623246,0,0,300.0,0.0022505501442658085,0.16545217602955795,-0.2997861551353714
57,0.0015733867735470942,0,0,300.0,0.002317134112652349,0.16565144395689294,-0.3052254800030072
58,0.0016014829659318638,0,0,300.0,0.0023854154803712967,0.16584938375685818,-0.31066920006078125
59,0.0016295791583166334,0,0,300.0,0.0024553907360138965,0.16604439399145837,-0.31611739336194244
60,0.0016576753507014028,0,0,300.0,0.0025269753485009793,0.16623761121444655,-0.3215699656770408
61,0.0016857715430861724,0,0,300.0,0.002600246755730428,0.16642845590289476,-0.3270271196979354
62,0.001713867735470942,0,0,300.0,0.002674659014262433,0.16661597226749655,-0.3324885343196896
63,0.0017419639278557116,0,0,300.0,0.002754352264359795,0.16680528152331242,-0.33794992428401405
64,0.001770060120240481,0,0,300.0,0.0028413390028845455,0.1669965812412774,-0.34341244032529106
65,0.0017981563126252505,0,0,300.0,0.0029339587871122924,0.16718760490262147,-0.34887669032710344
66,0.0018262525050100201,0,0,300.0,0.0030311686196082465,0.16737851042561233,-0.354343602047182
67,0.0018543486973947895,0,0,300.0,0.0031328281721714896,0.16756855690361896,-0.3598136856652725
68,0.001882444889779559,0,0,300.0,0.0032379442051506686,0.16775672713161918,-0.36528731810472637
69,0.0019105410821643287,0,0,300.0,0.0033459628381335305,0.16794211044868892,-0.37076483853970643
70,0.0019386372745490983,0,0,300.0,0.0034569815070981526,0.16812524549175903,-0.37624674534598523
71,0.001966733466933868,0,0,300.0,0.003570304240370401,0.16830471106457429,-0.38173270785689445
72,0.0019948296593186375,0,0,300.0,0.0036856477787019044,0.16848142728417878,-0.3872233578442859
73,0.0020229258517034067,0,0,300.0,0.003802716618647338,0.16865396326977883,-0.39271856268556166
74,0.0020510220440881763,0,0,300.0,0.003921585363175652,0.16882224233719006,-0.3982189748717741
75,0.002079118236472946,0,0,300.0,0.004041707347130138,0.16898666845093818,-0.4037237244943982
76,0.0021072144288577154,0,0,300.0,0.004163072653631115,0.16914658744542044,-0.4092335477914882
77,0.002135310621242485,0,0,300.0,0.004285521855863404,0.16930156811319916,-0.41474912952491366
78,0.0021634068136272546,0,0,300.0,0.004408695101382882,0.16945208689668684,-0.42026935411077965
79,0.0021915030060120242,0,0,300.0,0.004532764665496286,0.16959712935234547,-0.4257949084188263
80,0.002219599198396794,0,0,300.0,0.004657498389497651,0.16973769020977278,-0.43132584850221733
81,0.002247695390781563,0,0,300.0,0.004782658078434807,0.169872271813161,-0.43686191387492884
82,0.0022757915831663326,0,0,300.0,0.004908040204035091,0.17000178019591228,-0.4424035898433325
83,0.002303887775551102,0,0,300.0,0.005033962386487548,0.1701260458601618,-0.44795051881861647
84,0.002331983967935872,0,0,300.0,0.0051598869432502425,0.170243836043786,-0.45350317271798024
85,0.0023600801603206414,0,0,300.0,0.005285905091250822,0.1703563706800162,-0.45906112121383275
86,0.002388176352705411,0,0,300.0,0.0054117917262883775,0.1704626150616022,-0.4646247199693263
87,0.0024162725450901806,0,0,300.0,0.005537974690601371,0.1705633130834189,-0.4701939008013255
88,0.0024443687374749497,0,0,300.0,0.005663453937834593,0.17065725077288527,-0.4757686725504039
89,0.0024724649298597193,0,0,300.0,0.00578913991399259,0.17074559293912067,-0.48134940839516843
90,0.002500561122244489,0,0,300.0,0.005914366704625841,0.17082775360942923,-0.4869350249705765
91,0.0025286573146292585,0,0,300.0,0.00603947125307587,0.1709036882274794,-0.492526958943444
92,0.002556753507014028,0,0,300.0,0.0061638972701442574,0.17097289531878956,-0.49812398195557045
93,0.0025848496993987977,0,0,300.0,0.00628795437846895,0.17103563746287231,-0.5037272133274354
94,0.0026129458917835673,0,0,300.0,0.0064116619857451694,0.1710921053305098,-0.5093355051617194
95,0.002641042084168337,0,0,300.0,0.006534565915870546,0.17114177586438706,-0.514950341599742
96,0.002669138276553106,0,0,300.0,0.006656974425256891,0.17118482835328108,-0.5205706016289989
97,0.0026972344689378757,0,0,300.0,0.006778825267919286,0.17122134201119837,-0.5261961175188978
98,0.0027253306613226453,0,0,300.0,0.00689988627077094,0.1712511019150802,-0.5318280311621603
99,0.002753426853707415,0,0,300.0,0.007020398248754184,0.17127411707996834,-0.5374649494328689
100,0.0027815230460921845,0,0,300.0,0.0071398701769875535,0.1712903780111714,-0.5431081855892728
101,0.002809619238476954,0,0,300.0,0.007258585488315908,0.1712993025329286,-0.5487575653043191
102,0.0028377154308617237,0,0,300.0,0.007376734333510422,0.17130181121395555,-0.5544116465747196
103,0.002865811623246493,0,0,300.0,0.00749387340469373,0.1712969028483278,-0.5600724408571276
104,0.0028939078156312624,0,0,300.0,0.007610122400893168,0.17128541778851372,-0.5657387250163038
105,0.002922004008016032,0,0,300.0,0.00772533798845293,0.17126723131067922,-0.5714105079517687
106,0.0029501002004008016,0,0,300.0,0.007839991736623413,0.171240887033362,-0.5770885285026891
107,0.0029781963927855712,0,0,300.0,0.007953345607169721,0.17120819242900454,-0.5827723127885854
108,0.003006292585170341,0,0,300.0,0.008065557541085934,0.17116750509601894,-0.5884617488759927
109,0.0030343887775551104,0,0,300.0,0.008177043971111339,0.17112127326019266,-0.5941569711714376
110,0.00306248496993988,0,0,300.0,0.008290069830770977,0.1710646660572455,-0.5998573368891982
111,0.003090581162324649,0,0,300.0,0.008401967738313337,0.170981567016269,-0.6055540364835148
112,0.0031186773547094188,0,0,300.0,0.008510932491077334,0.1708773457253311,-0.6112524295263532
113,0.0031467735470941884,0,0,300.0,0.008615812065159432,0.17074392864849516,-0.6169620063435427
114,0.003174869739478958,0,0,300.0,0.008714082154200643,0.17058279536206664,-0.6226897211959308
115,0.0032029659318637276,0,0,300.0,0.008808773154094514,0.17040007423610734,-0.6284306191224885
116,0.003231062124248497,0,0,300.0,0.008901413363929443,0.17019707705474213,-0.6341821851805719
117,0.0032591583166332668,0,0,300.0,0.008988108476179122,0.16997889360810073,-0.6399432848273174
118,0.003287254509018036,0,0,300.0,0.009069762006577484,0.16975137692975112,-0.6457008510708906
119,0.0033153507014028055,0,0,300.0,0.009146809015434887,0.1695186996023049,-0.651462072061675
120,0.003343446893787575,0,0,300.0,0.009218741983667516,0.1692808394218603,-0.6572443545105097
121,0.0033715430861723447,0,0,300.0,0.009289924004213817,0.16903004868181898,-0.6630464277235888
122,0.0033996392785571143,0,0,300.0,0.009357394016760084,0.1687689889060594,-0.6688697007490193
123,0.003427735470941884,0,0,300.0,0.00942258882550705,0.1685015909327608,-0.6747117129721817
124,0.0034558316633266535,0,0,300.0,0.009484176641880473,0.1682260446236851,-0.6805715311018831
125,0.003483927855711423,0,0,300.0,0.009542407142421445,0.16794322484122642,-0.6864471207085925
126,0.0035120240480961923,0,0,300.0,0.009598957871699256,0.1676524180261358,-0.6923393978557993
127,0.003540120240480962,0,0,300.0,0.009654716835334157,0.16735816993304414,-0.6982625632261102
128,0.0035682164328657315,0,0,300.0,0.009707876265975444,0.1670596559923541,-0.7042138288704984
129,0.003596312625250501,0,0,300.0,0.009758236309846133,0.16675472280984696,-0.7101915423481931
130,0.0036244088176352707,0,0,300.0,0.009807039016921813,0.16644432577451412,-0.716192857749764
131,0.0036525050100200403,0,0,300.0,0.00984701793897847,0.16611709495993351,-0.7222176133284994
132,0.00368060120240481,0,0,300.0,0.009881170395745511,0.16577530704949164,-0.7282681159133213
133,0.003708697394789579,0,0,300.0,0.009908899022071068,0.1654186859967374,-0.7343510236939853
134,0.0037367935871743486,0,0,300.0,0.00992992006456016,0.1650572694652635,-0.7404679785272928
135,0.003764889779559118,0,0,300.0,0.009944397019101691,0.1646973549263087,-0.7466096306279608
136,0.003792985971943888,0,0,300.0,0.009952510474216995,0.16433801429810743,-0.7527747319484677
137,0.0038210821643286574,0,0,300.0,0.00995595362085164,0.16397953731722187,-0.7589632473191052
138,0.003849178356713427,0,0,300.0,0.00995485137071838,0.1636215420854052,-0.7651753607431017
139,0.0038772745490981966,0,0,300.0,0.009949714622053156,0.1632632628961342,-0.7714116242884197
140,0.003905370741482966,0,0,300.0,0.00993007328867345,0.1629009072980755,-0.7777206096300012
141,0.003933466933867736,0,0,300.0,0.00989541975843946,0.16251379337970054,-0.7840973000753714
142,0.003961563126252505,0,0,300.0,0.009855886713809011,0.16211119617424438,-0.790515902832248
143,0.003989659318637275,0,0,300.0,0.009813759289138992,0.16169946109452163,-0.7969628042765613
144,0.004017755511022045,0,0,300.0,0.009770178683443112,0.16128035921880823,-0.8034364759857051
145,0.004045851703406813,0,0,300.0,0.009724935752458518,0.16085490691838533,-0.8099337154943204
146,0.004073947895791583,0,0,300.0,0.00967879535688361,0.16042253293842554,-0.8164542368142627
147,0.0041020440881763525,0,0,300.0,0.009632044536715262,0.15998376902455727,-0.8229961462216488
148,0.004130140280561122,0,0,300.0,0.009584319513011544,0.15953972667201718,-0.8295597380875038
149,0.004158236472945892,0,0,300.0,0.009536029206854806,0.15908959424579958,-0.8361436929608893
150,0.004186332665330661,0,0,300.0,0.009488135208257874,0.15863466930763098,-0.8427482616948376
151,0.004214428857715431,0,0,300.0,0.00943973756908857,0.15817432229841757,-0.8493708632559469
152,0.0042425250501002005,0,0,300.0,0.009391868987006906,0.1577098751231443,-0.8560133716033792
153,0.00427062124248497,0,0,300.0,0.00934390825609946,0.15724030244435877,-0.86267451560842
154,0.00429871743486974,0,0,300.0,0.009297254549287438,0.1567619263374829,-0.8693513880604136
155,0.004326813627254509,0,0,300.0,0.009249390128052239,0.15627605601324485,-0.876037001295831
156,0.004354909819639279,0,0,300.0,0.00920188161891142,0.15578411112247717,-0.882734822221938
157,0.0043830060120240485,0,0,300.0,0.009154769126597349,0.1552859602799845,-0.8894485500227333
158,0.004411102204408818,0,0,300.0,0.009107394635494913,0.15478158831831093,-0.8961760182065726
159,0.004439198396793588,0,0,300.0,0.009057260075350668,0.1542687385318279,-0.9029182392522092
160,0.004467294589178356,0,0,300.0,0.009004248487099355,0.15374569094467883,-0.9096858699766853
161,0.004495390781563126,0,0,300.0,0.008935610680667358,0.1532232781343975,-0.9164965679730369
162,0.004523486973947896,0,0,300.0,0.008864995998582434,0.15271631999652116,-0.9233667389236183
163,0.004551583166332665,0,0,300.0,0.008793547080535818,0.1522099028613849,-0.9302693336420998
164,0.004579679358717435,0,0,300.0,0.008718664615647534,0.1517042691953305,-0.9372022298455855
165,0.004607775551102204,0,0,300.0,0.008641284404130601,0.15119714027290412,-0.9441632307532676
166,0.004635871743486974,0,0,300.0,0.008560837566474529,0.15068875074361346,-0.9511473168156259
167,0.004663967935871744,0,0,300.0,0.008476776206789704,0.1501792077677917,-0.9581548743051256
168,0.004692064128256513,0,0,300.0,0.008384954713673273,0.14967220710147833,-0.9651902453780183
169,0.004720160320641283,0,0,300.0,0.008281246031586923,0.1491718390457503,-0.972255758726857
170,0.004748256513026052,0,0,300.0,0.008173666812603633,0.1486682761601442,-0.9793382071155395
171,0.004776352705410822,0,0,300.0,0.008060987849770567,0.14817132010669573,-0.9864490733017918
172,0.004804448897795592,0,0,300.0,0.00794326263927008,0.14767802390103513,-0.9935785194290252
173,0.004832545090180361,0,0,300.0,0.007824388683712153,0.1471864764095659,-1.0007257465033932
174,0.004860641282565131,0,0,300.0,0.007701938772401744,0.14669477075017343,-1.007885502558522
175,0.0048887374749498995,0,0,300.0,0.007577458560338668,0.1462019069615925,-1.0150598239429824
176,0.004916833667334669,0,0,300.0,0.007450515124621319,0.14570728220475193,-1.0222447882303674
177,0.004944929859719439,0,0,300.0,0.007322108538214214,0.14521240466078028,-1.029443440939625
178,0.004973026052104208,0,0,300.0,0.007192628502230337,0.14471504090960546,-1.0366529499505686
179,0.005001122244488978,0,0,300.0,0.007062622719475943,0.14421805781639913,-1.0438751526164969
180,0.0050292184368737475,0,0,300.0,0.006929655299659901,0.14371935830500931,-1.051110035625457
181,0.005057314629258517,0,0,300.0,0.006797207994586692,0.14321941011525596,-1.058357694881507
182,0.005085410821643287,0,0,300.0,0.006665168332210401,0.14271620238976845,-1.0656171820038247
183,0.005113507014028056,0,0,300.0,0.0065320446993801405,0.142215056874652,-1.0728758808050007
184,0.005141603206412826,0,0,300.0,0.006389445085286429,0.1417171851839501,-1.080136942741592
185,0.0051696993987975955,0,0,300.0,0.006243371233084252,0.14122065656411942,-1.0874039375146662
186,0.005197795591182365,0,0,300.0,0.006093050874618481,0.14072385003763993,-1.0946761618724798
187,0.005225891783567135,0,0,300.0,0.005939288280048155,0.14022862956479,-1.1019569276270682
188,0.005253987975951904,0,0,300.0,0.005782909518671044,0.1397322902514326,-1.1092442633437234
189,0.005282084168336674,0,0,300.0,0.005624502977892604,0.13923606341919476,-1.1165391714994837
190,0.005310180360721443,0,0,300.0,0.005461775237926796,0.1387400004281295,-1.1238419801699666
191,0.005338276553106212,0,0,300.0,0.005295097934854715,0.1382443339998204,-1.1311518036234378
192,0.005366372745490982,0,0,300.0,0.005126391896597153,0.1377486925536989,-1.1384679775536457
193,0.005394468937875751,0,0,300.0,0.00495494201543611,0.13725199064417104,-1.1457898213235633
194,0.005422565130260521,0,0,300.0,0.0047819257594126936,0.13675401093591733,-1.15311786550837
195,0.005450661322645291,0,0,300.0,0.004606476768913634,0.13625478688242132,-1.160452685518067
196,0.00547875751503006,0,0,300.0,0.004430677018590716,0.13575471707793582,-1.1677950030772277
197,0.00550685370741483,0,0,300.0,0.004252922861868696,0.13525438392579425,-1.175145230100606
198,0.005534949899799599,0,0,300.0,0.004071248926001632,0.13475191509785836,-1.1825025874872517
199,0.005563046092184369,0,0,300.0,0.003890578276071361,0.13425001887224194,-1.1898676576502425
200,0.0055911422845691386,0,0,300.0,0.003707828177786089,0.13374636987030117,-1.1972390743139645
201,0.005619238476953908,0,0,300.0,0.003523018881988273,0.13324257265718267,-1.204618327734654
202,0.005647334669338678,0,0,300.0,0.0033378983983357938,0.13273763477559344,-1.2120055845368352
203,0.005675430861723447,0,0,300.0,0.0031501302959385225,0.1322323147911451,-1.2193996818406714
204,0.005703527054108217,0,0,300.0,0.002964150065032829,0.131726161356559,-1.2268012975269817
205,0.005731623246492986,0,0,300.0,0.002777802771578573,0.1312181482152813,-1.2342105658895586
206,0.005759719438877755,0,0,300.0,0.0025907535749501226,0.13070745575853915,-1.2416273884424305
207,0.005787815631262525,0,0,300.0,0.002404174189616774,0.13019615635057086,-1.2490517261191327
208,0.0058159118236472945,0,0,300.0,0.0022184169883936182,0.1296837672080179,-1.256484309714975
209,0.005844008016032064,0,0,300.0,0.002041109384246603,0.12917151224692658,-1.2639268160560562
210,0.005872104208416834,0,0,300.0,0.0018734368635094363,0.12867228367997405,-1.271399537052524
211,0.005900200400801603,0,0,300.0,0.0017098522429844073,0.1281782968552651,-1.278888980955845
212,0.005928296593186373,0,0,300.0,0.0015492122909775503,0.12767911128992068,-1.286393284936925
213,0.0059563927855711424,0,0,300.0,0.0013877507730405956,0.12720031334483095,-1.2939058074604946
214,0.005984488977955912,0,0,300.0,0.0012290455482492143,0.12672571373008928,-1.3014278513197493
215,0.006012585170340682,0,0,300.0,0.001068155126768067,0.12625388115302408,-1.3089590588920659
216,0.006040681362725451,0,0,300.0,0.0009064406921470587,0.1257855280468858,-1.3165104890201886
217,0.006068777555110221,0,0,300.0,0.0007447842136397913,0.1253340009844027,-1.324090778661064
218,0.0060968737474949904,0,0,300.0,0.000584638933851533,0.12489289541144705,-1.3316915612508582
219,0.00612496993987976,0,0,300.0,0.00042484263606198345,0.12446311416793493,-1.339307683229852
220,0.006153066132264529,0,0,300.0,0.00026373365697129094,0.12405511535458508,-1.3469464180141444
221,0.006181162324649298,0,0,300.0,0.00010656969965895514,0.12365504395590071,-1.354599460346492
222,0.006209258517034068,0,0,300.0,-4.8202191855670765e-05,0.12326714749280498,-1.3622634922271324
223,0.0062373547094188376,0,0,300.0,-0.00019976602201483295,0.12288932521685961,-1.3699389366282226
224,0.006265450901803607,0,0,300.0,-0.0003503287970387472,0.12252215124333637,-1.377623048802371
225,0.006293547094188377,0,0,300.0,-0.0004986222002615133,0.12216399782346524,-1.3853188324858376
226,0.006321643286573146,0,0,300.0,-0.0006443440671676814,0.12181389450713571,-1.3930236824699838
227,0.006349739478957916,0,0,300.0,-0.0007864714154074938,0.12146849036385636,-1.4007327403714007
228,0.0063778356713426855,0,0,300.0,-0.0009205932101771807,0.12113887789547383,-1.4084274672401194
229,0.006405931863727455,0,0,300.0,-0.001048841263198053,0.12082457707020551,-1.4161242520024444
230,0.006434028056112225,0,0,300.0,-0.0011730098473003068,0.12052216512847531,-1.423826116433104
231,0.006462124248496994,0,0,300.0,-0.0012934396244373208,0.12022701419317723,-1.4315331834523786
232,0.006490220440881764,0,0,300.0,-0.0014117650158194462,0.11994206047642754,-1.4392451256251961
233,0.0065183166332665335,0,0,300.0,-0.0015255720358117967,0.11966354594712823,-1.4469640314525918
234,0.006546412825651303,0,0,300.0,-0.0016388963937658384,0.1193927459854703,-1.4546882931243732
235,0.006574509018036072,0,0,300.0,-0.0017486186868597394,0.11913091360230679,-1.4624200092970536
236,0.0066026052104208414,0,0,300.0,-0.0018557370498520527,0.11887610333670619,-1.4701582226148593
237,0.006630701402805611,0,0,300.0,-0.0019638757793089975,0.11862721022564904,-1.4779030960912933
238,0.006658797595190381,0,0,300.0,-0.0020695677957988413,0.11838446343986714,-1.4856533514748906
239,0.00668689378757515,0,0,300.0,-0.002174115975336269,0.11814737736568753,-1.493412241165845
240,0.00671498997995992,0,0,300.0,-0.002277700739743169,0.11791596804155507,-1.5011763927483366
241,0.006743086172344689,0,0,300.0,-0.002379506101798734,0.11769053963206028,-1.50894946355727
242,0.006771182364729459,0,0,300.0,-0.0024805341501793966,0.11747077178909941,-1.5167276080488592
243,0.006799278557114229,0,0,300.0,-0.002580358394915068,0.11725560652927271,-1.524514443202094
244,0.006827374749498998,0,0,300.0,-0.0026787166539226615,0.117044813703614,-1.5323095151286272
245,0.006855470941883768,0,0,300.0,-0.002782022973827722,0.11684434368598721,-1.5401137078230736
246,0.006883567134268537,0,0,300.0,-0.0028850178177164077,0.11666196355417818,-1.5479309979033233
247,0.006911663326653307,0,0,300.0,-0.0029893294441478,0.11649199733645318,-1.5557564930331877
248,0.006939759519038077,0,0,300.0,-0.003094246436166978,0.11633332410160704,-1.5635922348257465
249,0.006967855711422846,0,0,300.0,-0.0031971401434322784,0.11618341474372787,-1.5714373475946632
250,0.006995951903807615,0,0,300.0,-0.003300914579376359,0.11604311479262255,-1.5792911324060084
251,0.0070240480961923845,0,0,300.0,-0.003408718806092951,0.11591138320658573,-1.5871552513669254
252,0.007052144288577154,0,0,300.0,-0.0035173911300803357,0.11578223259408896,-1.595026653562965
253,0.007080240480961924,0,0,300.0,-0.0036274638007387063,0.11566229613581075,-1.6029040401931565
254,0.007108336673346693,0,0,300.0,-0.003735233435662063,0.11555524484442396,-1.6107938550391778
255,0.007136432865731463,0,0,300.0,-0.0038426876376576164,0.11545928743578553,-1.618692766089956
256,0.0071645290581162325,0,0,300.0,-0.0039512813335224025,0.11537067107581186,-1.6266071341155912
257,0.007192625250501002,0,0,300.0,-0.004057617323001483,0.11528681025467707,-1.6345251674588206
258,0.007220721442885772,0,0,300.0,-0.004161620227916932,0.1152043810973693,-1.6424487675697033
259,0.007248817635270541,0,0,300.0,-0.004263180036603849,0.11513031526085846,-1.650375557428133
260,0.007276913827655311,0,0,300.0,-0.004365637796408154,0.1150649490474244,-1.6583080322408228
261,0.0073050100200400805,0,0,300.0,-0.004468912579310663,0.1150071304300809,-1.6662438558341064
262,0.00733310621242485,0,0,300.0,-0.00457114183113344,0.11495880248618608,-1.6741856417148915
263,0.00736120240480962,0,0,300.0,-0.0046745345032430646,0.11492028803485715,-1.6821306692786102
264,0.007389298597194389,0,0,300.0,-0.004776138473885324,0.11489206490060165,-1.6900806503035302
265,0.007417394789579158,0,0,300.0,-0.004879656189943469,0.11487290579608822,-1.6980340459261847
266,0.007445490981963928,0,0,300.0,-0.004982156968811706,0.11486399064841424,-1.7059933988470555
267,0.007473587174348697,0,0,300.0,-0.005085945514038051,0.11487107138391897,-1.7139590801356108
268,0.007501683366733467,0,0,300.0,-0.005191396325756114,0.11489064955949255,-1.7219305758699606
269,0.007529779559118236,0,0,300.0,-0.005300495439208767,0.1149215875900829,-1.7299084415331891
270,0.007557875751503006,0,0,300.0,-0.005410326863839836,0.11496359560319248,-1.7378904850568662
271,0.007585971943887776,0,0,300.0,-0.0055219757616270775,0.11501507306951447,-1.7458750147639375
272,0.007614068136272545,0,0,300.0,-0.005635078456829916,0.11507704818413896,-1.7538616757886585
273,0.007642164328657315,0,0,300.0,-0.005749618351338412,0.11515012878708356,-1.761852705189909
274,0.007670260521042084,0,0,300.0,-0.005863418539063992,0.11523451173422197,-1.769848784915986
275,0.007698356713426854,0,0,300.0,-0.005980135253038066,0.1153278467328897,-1.7778497978073888
276,0.007726452905811624,0,0,300.0,-0.006096050147892617,0.11542966281505318,-1.7858542494316085
277,0.007754549098196393,0,0,300.0,-0.006213048405810022,0.11554088831959686,-1.79386392417112
278,0.007782645290581163,0,0,300.0,-0.0063325309505971455,0.11566182527651742,-1.8018764335487103
279,0.007810741482965932,0,0,300.0,-0.006452924285308505,0.11579082991537815,-1.8098932185620276
280,0.007838837675350702,0,0,300.0,-0.0065736153854608044,0.11592995405806064,-1.817913893721731
281,0.007866933867735472,0,0,300.0,-0.006696793934073024,0.11607601897461918,-1.82593801247677
282,0.007895030060120241,0,0,300.0,-0.006818522839151772,0.11623072855044911,-1.8339680071613906
283,0.00792312625250501,0,0,300.0,-0.006942351307743593,0.11639399677726214,-1.8420009641440442
284,0.00795122244488978,0,0,300.0,-0.007068460516089901,0.11656422953578037,-1.8500382725681497
285,0.00797931863727455,0,0,300.0,-0.0071917375828553865,0.11674189693085216,-1.8580811108146849
286,0.00800741482965932,0,0,300.0,-0.007318694660552934,0.11692723038764373,-1.8661276174652777
287,0.00803551102204409,0,0,300.0,-0.007445597097573113,0.11712009371613873,-1.8741786920307761
288,0.008063607214428857,0,0,300.0,-0.007576435287569011,0.11732219802739621,-1.882228991010628
289,0.008091703406813627,0,0,300.0,-0.00770288157616439,0.11754990723020717,-1.8902720882476551
290,0.008119799599198396,0,0,300.0,-0.007828170824761463,0.11778956452546537,-1.8983164094742528
291,0.008147895791583166,0,0,300.0,-0.007952373806573635,0.11804129647908113,-1.9063612373706686
292,0.008175991983967935,0,0,300.0,-0.008075208809945333,0.11830431985039502,-1.914403264457536
293,0.008204088176352705,0,0,300.0,-0.008194798173834129,0.11858263861658962,-1.922438854401058
294,0.008232184368737475,0,0,300.0,-0.008309682306164886,0.11887156567052694,-1.9304742033265638
295,0.008260280561122244,0,0,300.0,-0.008422581613714744,0.11917046168356245,-1.9385080613051895
296,0.008288376753507014,0,0,300.0,-0.008533025182273668,0.11947894716770821,-1.9465436453104763
297,0.008316472945891783,0,0,300.0,-0.008645738837431182,0.11979175214305952,-1.9545822566230713
298,0.008344569138276553,0,0,300.0,-0.008756998764639708,0.1201102507572572,-1.962625184604809
299,0.008372665330661323,0,0,300.0,-0.008871145517145839,0.12044659448673146,-1.9706679469778854
300,0.008400761523046092,0,0,300.0,-0.008984153380497314,0.12082960561442353,-1.978678304304977
301,0.008428857715430862,0,0,300.0,-0.00909328687821062,0.12122350114422596,-1.9866846980707369
302,0.008456953907815631,0,0,300.0,-0.009200918617206582,0.12162646346590496,-1.9946853789588215
303,0.008485050100200401,0,0,300.0,-0.00930521191002137,0.12203611818117975,-2.0026829661057945
304,0.00851314629258517,0,0,300.0,-0.00940972148116117,0.12245317658092245,-2.0106770368728135
305,0.00854124248496994,0,0,300.0,-0.009513248738704495,0.12287809288303592,-2.0186665995456505
306,0.00856933867735471,0,0,300.0,-0.009616526234613424,0.1233105437048834,-2.0266553330980006
307,0.00859743486973948,0,0,300.0,-0.009718162662093906,0.12374798751516246,-2.0346428200744366
308,0.008625531062124249,0,0,300.0,-0.009819154339553045,0.12419160137549913,-2.04262660193978
309,0.008653627254509019,0,0,300.0,-0.00992234648039276,0.12464181603737161,-2.0506051694640175
310,0.008681723446893788,0,0,300.0,-0.010026584422401418,0.1250936085150214,-2.0585818439613184
311,0.008709819639278558,0,0,300.0,-0.010128267337356753,0.12554449509432625,-2.0665573142406912
312,0.008737915831663327,0,0,300.0,-0.010226686318677295,0.12599593467361067,-2.074530435524354
313,0.008766012024048097,0,0,300.0,-0.010322385795819186,0.12644521283154103,-2.0825038811432464
314,0.008794108216432867,0,0,300.0,-0.0104172019277995,0.12689506156827418,-2.0904769584758798
315,0.008822204408817636,0,0,300.0,-0.010509513299262765,0.12734489863575893,-2.098449691304265
316,0.008850300601202406,0,0,300.0,-0.010601934517544159,0.12779229853857835,-2.1064228819050803
317,0.008878396793587175,0,0,300.0,-0.01069337655202846,0.12823676234172396,-2.114395610713635
318,0.008906492985971943,0,0,300.0,-0.010783746032014983,0.12868044856129154,-2.122367571041514
319,0.008934589178356713,0,0,300.0,-0.010871784268477189,0.1291251257134999,-2.1303365027003784
320,0.008962685370741482,0,0,300.0,-0.01095904614566784,0.12957178610073883,-2.1383045033872663
321,0.008990781563126252,0,0,300.0,-0.011045109831393734,0.13002019860325736,-2.1462734265128693
322,0.009018877755511022,0,0,300.0,-0.011133735393846749,0.13046680539813166,-2.154242099761327
323,0.009046973947895791,0,0,300.0,-0.011222174220710134,0.1309111661069771,-2.162212557816044
324,0.00907507014028056,0,0,300.0,-0.011310904356319665,0.13135113494669365,-2.17018492235677
325,0.00910316633266533,0,0,300.0,-0.01139955923742708,0.13178825496538452,-2.1781573428589613
326,0.0091312625250501,0,0,300.0,-0.011489724060723846,0.13222209506051172,-2.1861303820464055
327,0.00915935871743487,0,0,300.0,-0.011581185440596496,0.13265055135852516,-2.194107262697053
328,0.00918745490981964,0,0,300.0,-0.011671769541181539,0.13307410593199273,-2.202082032570147
329,0.009215551102204409,0,0,300.0,-0.011762790145209149,0.1334944903674554,-2.2100584408039223
330,0.009243647294589178,0,0,300.0,-0.011855481559254746,0.13390869485815496,-2.218036783152366
331,0.009271743486973948,0,0,300.0,-0.011947973331266631,0.13431956892645325,-2.2260142228757984
332,0.009299839679358718,0,0,300.0,-0.012041024433845486,0.1347239192064259,-2.2339918383387385
333,0.009327935871743487,0,0,300.0,-0.012136663703260579,0.13512518627013903,-2.2419700067985104
334,0.009356032064128257,0,0,300.0,-0.012230600654603215,0.13552476779586925,-2.2499469759482507
335,0.009384128256513026,0,0,300.0,-0.012325377877410594,0.13591988691608742,-2.257923822197754
336,0.009412224448897796,0,0,300.0,-0.012419034782168166,0.13631197592652378,-2.2658995390822003
337,0.009440320641282566,0,0,300.0,-0.012515281500699825,0.1366979739764348,-2.273874683595791
338,0.009468416833667335,0,0,300.0,-0.012612936019386027,0.13707969940506026,-2.2818493554476382
339,0.009496513026052105,0,0,300.0,-0.01271215975115236,0.13746059916777634,-2.289821743108306
340,0.009524609218436874,0,0,300.0,-0.01281223106291079,0.1378378291041098,-2.2977931648681498
341,0.009552705410821644,0,0,300.0,-0.012911225195070056,0.13821239675111613,-2.305763182174137
342,0.009580801603206414,0,0,300.0,-0.013013528887112257,0.13858328486691918,-2.3137324300569513
343,0.009608897795591183,0,0,300.0,-0.01311537370010016,0.13894769944607058,-2.321701404891701
344,0.009636993987975953,0,0,300.0,-0.013220366548518256,0.13930779559411915,-2.3296700557337675
345,0.009665090180360722,0,0,300.0,-0.013325751709380489,0.13966162305077054,-2.3376385069623655
346,0.009693186372745492,0,0,300.0,-0.013433148135319786,0.14000849234196286,-2.345606590890004
347,0.009721282565130262,0,0,300.0,-0.013541190290729534,0.14035030389988895,-2.353573700429526
348,0.00974937875751503,0,0,300.0,-0.013652429996904795,0.140685520701572,-2.361540736805458
349,0.009777474949899799,0,0,300.0,-0.013764748116185884,0.14101199991546276,-2.3695083616990043
350,0.009805571142284569,0,0,300.0,-0.013875743886569356,0.14133413585781657,-2.3774729500319407
351,0.009833667334669338,0,0,300.0,-0.013990844838816713,0.1416487839012392,-2.3854375627843902
352,0.009861763527054108,0,0,300.0,-0.014105058410689708,0.1419551331016205,-2.39340657494313
353,0.009889859719438877,0,0,300.0,-0.014222924793437846,0.1422570120620735,-2.401382197193202
354,0.009917955911823647,0,0,300.0,-0.014340550459184405,0.14255117001637777,-2.409362751405854
355,0.009946052104208417,0,0,300.0,-0.014461210915750571,0.1428365395876185,-2.417341876529053
356,0.009974148296593186,0,0,300.0,-0.014584486628802096,0.14310729307155778,-2.4253274772323166
357,0.010002244488977956,0,0,300.0,-0.014707135123036128,0.14336433203514498,-2.433313914136924
358,0.010030340681362725,0,0,300.0,-0.014832854862021154,0.14361187290688857,-2.4413097622716826
359,0.010058436873747495,0,0,300.0,-0.014963769388536637,0.14385330349539432,-2.449313584986291
360,0.010086533066132265,0,0,300.0,-0.01509760649728911,0.14408265201397819,-2.4573249498143888
361,0.010114629258517034,0,0,300.0,-0.015231879784639527,0.14430146800484672,-2.4653445550970132
362,0.010142725450901804,0,0,300.0,-0.015368786435173934,0.14450838883218184,-2.473368807163971
363,0.010170821643286573,0,0,300.0,-0.015507290526188561,0.1447063538376524,-2.481397541771839
364,0.010198917835671343,0,0,300.0,-0.015648703488588964,0.14489026317040393,-2.4894315230589212
365,0.010227014028056113,0,0,300.0,-0.015789004306470525,0.14506080881109834,-2.4974726063663657
366,0.010255110220440882,0,0,300.0,-0.01593606440097511,0.1452150674539699,-2.5055200862919147
367,0.010283206412825652,0,0,300.0,-0.01608145784976986,0.14535473417563974,-2.513572645891458
368,0.010311302605210421,0,0,300.0,-0.016230720752025026,0.14547882065548212,-2.5216295264637956
369,0.010339398797595191,0,0,300.0,-0.01638147850754964,0.14558769312374628,-2.5296896452979336
370,0.01036749498997996,0,0,300.0,-0.01653252565003562,0.1456824991005334,-2.5377548956573563
371,0.01039559118236473,0,0,300.0,-0.01668588240377675,0.14576132279190485,-2.54581758991651
372,0.0104236873747495,0,0,300.0,-0.016842875737930793,0.14582630433859653,-2.5538799029969295
373,0.01045178356713427,0,0,300.0,-0.01700138037105642,0.1458746049479986,-2.5619422912266865
374,0.010479879759519039,0,0,300.0,-0.017152706605802634,0.14589460836275925,-2.570011472572909
375,0.010507975951903809,0,0,300.0,-0.017297438508722285,0.145890638583464,-2.5780865993328415
376,0.010536072144288578,0,0,300.0,-0.0174374257319567,0.14586460021437628,-2.5861657340289375
377,0.010564168336673348,0,0,300.0,-0.017575760310270704,0.14581961111178351,-2.594244793215959
378,0.010592264529058116,0,0,300.0,-0.01769547192975269,0.14573513873478178,-2.6023559706795223
379,0.010620360721442885,0,0,300.0,-0.01782324065253567,0.14564507870475338,-2.6104813911413802
380,0.010648456913827655,0,0,300.0,-0.01795648744198932,0.14553908704775897,-2.6186081758148867
381,0.010676553106212424,0,0,300.0,-0.018089910488228212,0.14541865693717507,-2.6267341530193242
382,0.010704649298597194,0,0,300.0,-0.01822590882471298,0.1452830697363899,-2.634855275610934
383,0.010732745490981964,0,0,300.0,-0.01836518163614236,0.1451298572533159,-2.642973059152041
384,0.010760841683366733,0,0,300.0,-0.01850468574196382,0.14496204421874423,-2.6510859129261637
385,0.010788937875751503,0,0,300.0,-0.018643492478371732,0.1447765900513316,-2.65919012574953
386,0.010817034068136272,0,0,300.0,-0.018783978548314078,0.14457500122771177,-2.6672895467532958
387,0.010845130260521042,0,0,300.0,-0.018925469577604093,0.1443539868936787,-2.6753812010427525
388,0.010873226452905812,0,0,300.0,-0.01907060729543317,0.1441260893941537,-2.683461453373705
389,0.010901322645290581,0,0,300.0,-0.019220641694939103,0.1438927797950009,-2.691520251339295
390,0.01092941883767535,0,0,300.0,-0.019373668087504247,0.14365185915570958,-2.6995584116340905
391,0.01095751503006012,0,0,300.0,-0.019531077884546715,0.14340321868448128,-2.7075818673016765
392,0.01098561122244489,0,0,300.0,-0.019690680836009868,0.1431402126480647,-2.7155921217146832
393,0.01101370741482966,0,0,300.0,-0.01985228061668447,0.14285901768235754,-2.723591186007374
394,0.011041803607214429,0,0,300.0,-0.020016072061448044,0.14256183620498206,-2.73158095410143
395,0.011069899799599199,0,0,300.0,-0.020179830818538847,0.14224866751655207,-2.7395584396744455
396,0.011097995991983968,0,0,300.0,-0.02034722703373472,0.14191609291771173,-2.7475271709044518
397,0.011126092184368738,0,0,300.0,-0.02051626006375632,0.14156451197761233,-2.755487192950054
398,0.011154188376753508,0,0,300.0,-0.02068643786725677,0.14119791940772758,-2.763438064057186
399,0.011182284569138277,0,0,300.0,-0.020856020398230746,0.14081091674449295,-2.771378572679749
400,0.011210380761523047,0,0,300.0,-0.021027831317367025,0.14040644849695486,-2.779311112007349
401,0.011238476953907816,0,0,300.0,-0.021201088599899918,0.13998350914191776,-2.787233539499209
402,0.011266573146292586,0,0,300.0,-0.021374346974230123,0.13954377259711678,-2.795148429827041
403,0.011294669338677355,0,0,300.0,-0.021547396819780316,0.1390825233660849,-2.8030567003107953
404,0.011322765531062125,0,0,300.0,-0.02172325617680868,0.13860289487495148,-2.81095944693992
405,0.011350861723446895,0,0,300.0,-0.021898510601729957,0.13810353146691529,-2.818853495175928
406,0.011378957915831664,0,0,300.0,-0.022074835568354698,0.13758439302373476,-2.826743838566568
407,0.011407054108216434,0,0,300.0,-0.022252849692227322,0.13704349674262134,-2.834628808514748
408,0.011435150300601202,0,0,300.0,-0.022432480263991084,0.13648283085178337,-2.8425065977781596
409,0.011463246492985971,0,0,300.0,-0.02261116836186789,0.13590462949274068,-2.8503773042064764
410,0.011491342685370741,0,0,300.0,-0.02279044556870111,0.13530720367882537,-2.8582410705895964
411,0.01151943887775551,0,0,300.0,-0.022971100684959694,0.13469250817179612,-2.8660987560193893
412,0.01154753507014028,0,0,300.0,-0.023155226433918992,0.13405611539002246,-2.8739483974335043
413,0.01157563126252505,0,0,300.0,-0.023337426589448693,0.1334015647829956,-2.881785174595143
414,0.01160372745490982,0,0,300.0,-0.02352331420441743,0.13273156728870214,-2.889598837260634
415,0.011631823647294589,0,0,300.0,-0.023703388361252662,0.1320300035006301,-2.8973960572110045
416,0.011659919839679359,0,0,300.0,-0.023879340145468025,0.13130253109972392,-2.905180528111214
417,0.011688016032064128,0,0,300.0,-0.02405540135654943,0.13055131191966995,-2.912954851012392
418,0.011716112224448898,0,0,300.0,-0.02422386925773936,0.12977816913300497,-2.9207079385897354
419,0.011744208416833667,0,0,300.0,-0.02440130191150577,0.12897563225219477,-2.928447053475996
420,0.011772304609218437,0,0,300.0,-0.024594434217112052,0.1281367618176283,-2.9361802332478826
421,0.011800400801603207,0,0,300.0,-0.024787873284445726,0.1272736409808077,-2.943896015454458
422,0.011828496993987976,0,0,300.0,-0.024987832480549536,0.1263914014856885,-2.951598771233307
423,0.011856593186372746,0,0,300.0,-0.025187700732682606,0.12548444915154228,-2.9592854720437463
424,0.011884689378757515,0,0,300.0,-0.025389206065598073,0.12456205855255416,-2.96696311528489
425,0.011912785571142285,0,0,300.0,-0.025598006758325534,0.1236198011860323,-2.9746174018002076
426,0.011940881763527054,0,0,300.0,-0.025818213136488573,0.12263984045467023,-2.9822299740667177
427,0.011968977955911824,0,0,300.0,-0.026041921824575376,0.12162804493608989,-2.9898017145366493
428,0.011997074148296594,0,0,300.0,-0.02626735840471995,0.1205941509534784,-2.9973497907725437
429,0.012025170340681363,0,0,300.0,-0.02649289421705797,0.11954351928897027,-3.0048813113420767
430,0.012053266533066133,0,0,300.0,-0.026716049488749907,0.11846856015997914,-3.0124042698268187
431,0.012081362725450902,0,0,300.0,-0.026941664825338385,0.11737736724276199,-3.019908700649426
432,0.012109458917835672,0,0,300.0,-0.027166584657244607,0.11626278102958273,-3.027402191022883
433,0.012137555110220442,0,0,300.0,-0.02738157248182459,0.11512812372741492,-3.0348688815615015
434,0.012165651302605211,0,0,300.0,-0.02759749040418216,0.11398180074815357,-3.0423079420122923
435,0.012193747494989981,0,0,300.0,-0.027815331391897846,0.11282447051372016,-3.049734086965924
436,0.01222184368737475,0,0,300.0,-0.028036494196307167,0.11164775243876647,-3.0571357141581648
437,0.01224993987975952,0,0,300.0,-0.028261367924397054,0.11045261728737435,-3.0645280494782363
438,0.012278036072144288,0,0,300.0,-0.028486998129475447,0.10923629418406007,-3.071902137539141
439,0.012306132264529058,0,0,300.0,-0.028712969266021907,0.10800467216558358,-3.0792635991039448
440,0.012334228456913827,0,0,300.0,-0.028940383526800496,0.10674932651068277,-3.0866105752780886
441,0.012362324649298597,0,0,300.0,-0.029170385268921448,0.1054760646575176,-3.093947284632239
442,0.012390420841683366,0,0,300.0,-0.029401442642878885,0.10418406202074795,-3.1012732892130273
443,0.012418517034068136,0,0,300.0,-0.029631356657151837,0.10286577442455842,-3.1085887242339854
444,0.012446613226452906,0,0,300.0,-0.029865351495368352,0.1015261152589917,-3.115894337773616
445,0.012474709418837675,0,0,300.0,-0.030098728591733428,0.10016599397232852,-3.1231895177023605
446,0.012502805611222445,0,0,300.0,-0.030330339662665247,0.09878472002328532,-3.1304781297641937
447,0.012530901803607214,0,0,300.0,-0.030561774538547977,0.09737942922391268,-3.137750363588191
448,0.012558997995991984,0,0,300.0,-0.030790536952722034,0.09594690144807488,-3.14500358176793
449,0.012587094188376753,0,0,300.0,-0.03101373648350983,0.09448327614600696,-3.152240190272989
450,0.012615190380761523,0,0,300.0,-0.03123388792022315,0.09298931702300721,-3.159449589211664
451,0.012643286573146293,0,0,300.0,-0.03144780717742822,0.09146962180851587,-3.166638216432436
452,0.012671382765531062,0,0,300.0,-0.0316591497607531,0.08992314906353421,-3.1738100710296107
453,0.012699478957915832,0,0,300.0,-0.031867607137873045,0.08835570051103007,-3.18096170141888
454,0.012727575150300601,0,0,300.0,-0.032063513790434935,0.08677041024586166,-3.1880960036243526
455,0.012755671342685371,0,0,300.0,-0.03225342504955048,0.08518786818037606,-3.195207455813533
456,0.01278376753507014,0,0,300.0,-0.03243529016722526,0.08360058585420407,-3.202300017166184
457,0.01281186372745491,0,0,300.0,-0.03261213368835589,0.08200043202858658,-3.2093704495193913
458,0.01283995991983968,0,0,300.0,-0.03277736074136228,0.08038825590424829,-3.2164144733791655
459,0.01286805611222445,0,0,300.0,-0.03293966526448091,0.07875504559230508,-3.2234385894748057
460,0.012896152304609219,0,0,300.0,-0.03309233941586457,0.07709515121572531,-3.2304440331244217
461,0.012924248496993989,0,0,300.0,-0.03324095996461007,0.07539518367216601,-3.237447948248524
462,0.012952344689378758,0,0,300.0,-0.03338783425208225,0.07364064810508257,-3.2444338637763472
463,0.012980440881763528,0,0,300.0,-0.033532302105500164,0.07183093063123153,-3.2514121207073408
464,0.013008537074148297,0,0,300.0,-0.03367255832574846,0.06997297457168412,-3.2583837182115603
465,0.013036633266533067,0,0,300.0,-0.03380518233429129,0.06806776023932115,-3.265349285923543
466,0.013064729458917837,0,0,300.0,-0.03393101263692948,0.06611292079950276,-3.2723113170202844
467,0.013092825651302606,0,0,300.0,-0.03404578567231725,0.06410311071154465,-3.2792800041281107
468,0.013120921843687374,0,0,300.0,-0.0341596677877747,0.062046669262813395,-3.2862343243424106
469,0.013149018036072144,0,0,300.0,-0.03426473261138236,0.059943445384076796,-3.2931733469303026
470,0.013177114228456913,0,0,300.0,-0.03436659272343209,0.05779282265458662,-3.3000997952006794
471,0.013205210420841683,0,0,300.0,-0.034464494629494705,0.05558473891623998,-3.3070254996080504
472,0.013233306613226452,0,0,300.0,-0.03455375568378581,0.05332147981712535,-3.3139356841447296
473,0.013261402805611222,0,0,300.0,-0.03462801498398822,0.05098748959210824,-3.3208364367285563
474,0.013289498997995992,0,0,300.0,-0.03470022884220441,0.04858489200583607,-3.3277375804526574
475,0.013317595190380761,0,0,300.0,-0.03476515262170431,0.04611374453588694,-3.3346267181215183
476,0.013345691382765531,0,0,300.0,-0.034823410144483306,0.0435636900532214,-3.341504635650771
477,0.0133737875751503,0,0,300.0,-0.034871802074596135,0.040945786416229424,-3.3483829590077723
478,0.01340188376753507,0,0,300.0,-0.03490930282112888,0.03825646522173582,-3.355251459677738
479,0.01342997995991984,0,0,300.0,-0.03493984524380014,0.03549090919597025,-3.362098868402225
480,0.01345807615230461,0,0,300.0,-0.03495816222867047,0.032654585019771004,-3.3689226322708468
481,0.013486172344689379,0,0,300.0,-0.03497800637841634,0.029749750721892183,-3.3757306623110694
482,0.013514268537074148,0,0,300.0,-0.03498008932674121,0.02677632944732423,-3.382527008262342
483,0.013542364729458918,0,0,300.0,-0.034963821003449455,0.02373851028857088,-3.3893168993601113
484,0.013570460921843688,0,0,300.0,-0.034944568259745235,0.020627402557359766,-3.3961053140755357
485,0.013598557114228457,0,0,300.0,-0.03490593473814495,0.017446524608497944,-3.4028944267515526
486,0.013626653306613227,0,0,300.0,-0.03485633119430183,0.01419944953946678,-3.4096742066586074
487,0.013654749498997996,0,0,300.0,-0.03479532176135838,0.010884524158073713,-3.416447484615338
488,0.013682845691382766,0,0,300.0,-0.03472195287451469,0.007498219157941982,-3.4232197577354735
489,0.013710941883767536,0,0,300.0,-0.03462794098382425,0.004028666643407191,-3.4299887807622955
490,0.013739038076152305,0,0,300.0,-0.03452251343244627,0.00046860858297767294,-3.4367700923638567
491,0.013767134268537075,0,0,300.0,-0.03439384077884955,-0.0031815066747194363,-3.4435737881868635
492,0.013795230460921844,0,0,300.0,-0.03424078634206977,-0.006924832582472675,-3.450390830615356
493,0.013823326653306614,0,0,300.0,-0.034073141255642744,-0.010768465064186675,-3.4572274239927476
494,0.013851422845691384,0,0,300.0,-0.03388863019662069,-0.014730949024684893,-3.4640873589780337
495,0.013879519038076153,0,0,300.0,-0.03368666733564224,-0.018806128267884314,-3.470965580895586
496,0.013907615230460923,0,0,300.0,-0.03346864433330564,-0.02298907130662097,-3.4778701483812875
497,0.013935711422845692,0,0,300.0,-0.03323227817278172,-0.027285738208590336,-3.484795705044971
498,0.01396380761523046,0,0,300.0,-0.032976381385508506,-0.03168552424752892,-3.4917579925648607
499,0.01399190380761523,0,0,300.0,-0.03270089128835944,-0.03620064447335966,-3.498754490253874
500,0.01402,0,0,300.0,-0.032405428195153206,-0.04082219843248375,-3.5057849917375252
501,0.014048096192384769,0,0,300.0,-0.032097985229230956,-0.045546650930384756,-3.512853082853836
502,0.014076192384769539,0,0,300.0,-0.03176348676278977,-0.05038179237309625,-3.5199590255571067
503,0.014104288577154308,0,0,300.0,-0.03141190527831722,-0.05532259954337141,-3.5270955346538084
504,0.014132384769539078,0,0,300.0,-0.031036257400840768,-0.06036601025951404,-3.534242768515151
505,0.014160480961923847,0,0,300.0,-0.030646507546805014,-0.06551226780061477,-3.5414133839889383
506,0.014188577154308617,0,0,300.0,-0.030231954641114386,-0.0707674462170179,-3.5486232158847044
507,0.014216673346693387,0,0,300.0,-0.029800636335424905,-0.07614213220837052,-3.555851057786056
508,0.014244769539078156,0,0,300.0,-0.029352034319177465,-0.08162937329338753,-3.5631198685555456
509,0.014272865731462926,0,0,300.0,-0.028882086846500832,-0.08722744588961437,-3.57041973362582
510,0.014300961923847695,0,0,300.0,-0.028400412617029528,-0.09293899357302587,-3.5777682038706846
511,0.014329058116232465,0,0,300.0,-0.02790207673014869,-0.09875755823190549,-3.58516463457751
512,0.014357154308617235,0,0,300.0,-0.02738245229029053,-0.10468306964157144,-3.592610479019661
513,0.014385250501002004,0,0,300.0,-0.026848536270388232,-0.11073223119847503,-3.600101290496554
514,0.014413346693386774,0,0,300.0,-0.026297568891365926,-0.11689741807050265,-3.6076592348872163
515,0.014441442885771543,0,0,300.0,-0.025723278759524456,-0.12317203584403108,-3.6152724954108764
516,0.014469539078156313,0,0,300.0,-0.02512658001003753,-0.12957253123683635,-3.6229453343165776
517,0.014497635270541083,0,0,300.0,-0.02451043224937742,-0.13608929505916723,-3.630677696736198
518,0.014525731462925852,0,0,300.0,-0.023878123192528772,-0.14272658742199804,-3.6385006519053325
519,0.014553827655310622,0,0,300.0,-0.023216455063581293,-0.14949541515482034,-3.646396482847416
520,0.014581923847695391,0,0,300.0,-0.022532733705850107,-0.15638901314716172,-3.654368677327459
521,0.014610020040080161,0,0,300.0,-0.021823007048721477,-0.16341645468699925,-3.6624099490750868
522,0.01463811623246493,0,0,300.0,-0.021088843632927522,-0.17058490332339335,-3.6705346108832293
523,0.0146662124248497,0,0,300.0,-0.02032805842275899,-0.1778856371610856,-3.6787377427581136
524,0.01469430861723447,0,0,300.0,-0.019541641092839703,-0.1853300533210783,-3.687031003522642
525,0.01472240480961924,0,0,300.0,-0.018731158305553244,-0.19290633395737594,-3.695405075435626
526,0.014750501002004009,0,0,300.0,-0.01789874600821372,-0.2006422902405743,-3.7038467553142937
527,0.014778597194388779,0,0,300.0,-0.017058545218790442,-0.20856753531532743,-3.7123485408455044
528,0.014806693386773548,0,0,300.0,-0.016196303078996884,-0.21666246735409223,-3.7209206947549083
529,0.014834789579158316,0,0,300.0,-0.015315711086556015,-0.22489797584593804,-3.729566694387302
530,0.014862885771543086,0,0,300.0,-0.014413565944904217,-0.23329767204266233,-3.738299673910904
531,0.014890981963927855,0,0,300.0,-0.013487982691350812,-0.2418378332527746,-3.7471210701926734
532,0.014919078156312625,0,0,300.0,-0.012541841991266034,-0.25051870900122575,-3.756026257016837
533,0.014947174348697394,0,0,300.0,-0.01157479632809955,-0.2593449146559462,-3.7650291574510466
534,0.014975270541082164,0,0,300.0,-0.010589988439402983,-0.26830928297405876,-3.7741167542582805
535,0.015003366733466934,0,0,300.0,-0.009583466923462883,-0.27741231397800253,-3.7832844479638443
536,0.015031462925851703,0,0,300.0,-0.008550556378104405,-0.2866595388877214,-3.792547754780416
537,0.015059559118236473,0,0,300.0,-0.0074987626947091495,-0.29604411155361715,-3.8019077700842545
538,0.015087655310621242,0,0,300.0,-0.006427268313526482,-0.305565532216121,-3.811366194105654
539,0.015115751503006012,0,0,300.0,-0.005338989707170084,-0.3152199213782738,-3.820929249827784
540,0.015143847695390782,0,0,300.0,-0.004229092168422052,-0.3250098040442714,-3.830589071002112
541,0.015171943887775551,0,0,300.0,-0.003097495778995903,-0.33493764185018665,-3.8403574248369496
542,0.01520004008016032,0,0,300.0,-0.001941946236252389,-0.34499961705057175,-3.8502290365903136
543,0.01522813627254509,0,0,300.0,-0.0007679111863629755,-0.3551916815918871,-3.8602062083944975
544,0.01525623246492986,0,0,300.0,0.00043483534237075605,-0.3655238786883759,-3.870283869854519
545,0.01528432865731463,0,0,300.0,0.0016511593024847641,-0.375995141586714,-3.88046613535886
546,0.0153124248496994,0,0,300.0,0.0028958238327305556,-0.38659906823575096,-3.890762804958051
547,0.015340521042084169,0,0,300.0,0.00416388704328918,-0.39733755281894106,-3.901149218455588
548,0.015368617234468938,0,0,300.0,0.005462720239916028,-0.40819579335890055,-3.9116654868236393
549,0.015396713426853708,0,0,300.0,0.006787060022035041,-0.4191955421182636,-3.9222936271032496
550,0.015424809619238478,0,0,300.0,0.008134899398576931,-0.43031442364882816,-3.933033989016256
551,0.015452905811623247,0,0,300.0,0.009517429627662137,-0.441560932774298,-3.9438943348738595
552,0.015481002004008017,0,0,300.0,0.010932667088229008,-0.4529661646717515,-3.954869577552171
553,0.015509098196392786,0,0,300.0,0.01237784165680345,-0.4645605947971743,-3.9659639685017543
554,0.015537194388777556,0,0,300.0,0.013831384555915779,-0.4763961493109342,-3.9771708683488503
555,0.015565290581162326,0,0,300.0,0.015314142810894606,-0.48839931764731465,-3.9884990372434483
556,0.015593386773547095,0,0,300.0,0.016832325371471526,-0.5005552424131073,-3.9999515158291814
557,0.015621482965931865,0,0,300.0,0.018365761366833332,-0.512870205510951,-4.011529982181257
558,0.015649579158316634,0,0,300.0,0.019921997245443603,-0.5253268611957121,-4.023224334592956
559,0.015677675350701404,0,0,300.0,0.02150277024198683,-0.5379259606919801,-4.035041649382145
560,0.015705771543086174,0,0,300.0,0.023102416384969706,-0.5506602398639018,-4.04700096830142
561,0.015733867735470943,0,0,300.0,0.024723526369946073,-0.5635350662339464,-4.059096126675769
562,0.015761963927855713,0,0,300.0,0.02637006021012454,-0.5765617847401958,-4.07132517352229
563,0.015790060120240482,0,0,300.0,0.02806320720980873,-0.5898277339658612,-4.083715269447519
564,0.015818156312625252,0,0,300.0,0.029788803348376518,-0.6032682700576449,-4.096281466137484
565,0.01584625250501002,0,0,300.0,0.03154377082943429,-0.6168585119681557,-4.108999385924139
566,0.01587434869739479,0,0,300.0,0.033317340212061654,-0.6305703817057846,-4.121872818676687
567,0.01590244488977956,0,0,300.0,0.03511329938897956,-0.6444087302756052,-4.134911925803909
568,0.01593054108216433,0,0,300.0,0.0369285959847237,-0.6583623887144168,-4.148110807235543
569,0.0159586372745491,0,0,300.0,0.03876426963946394,-0.6724278169439313,-4.161476296826825
570,0.01598673346693387,0,0,300.0,0.04061379071136972,-0.686594763995649,-4.175009444225682
571,0.01601482965931864,0,0,300.0,0.04248282527031099,-0.7008749558026104,-4.188707445788152
572,0.01604292585170341,0,0,300.0,0.04438534749280816,-0.7152676265504784,-4.202581025500371
573,0.01607102204408818,0,0,300.0,0.04629398552399856,-0.7297805239699666,-4.216633138884164
574,0.016099118236472944,0,0,300.0,0.04822017936084046,-0.7444419365662436,-4.230899510200729
575,0.016127214428857714,0,0,300.0,0.050152063412345224,-0.7592228794863074,-4.2453635095804705
576,0.016155310621242484,0,0,300.0,0.052081733054509215,-0.7741456462424444,-4.260060651462132
577,0.016183406813627253,0,0,300.0,0.05403210400173436,-0.7891873705112918,-4.274980566983464
578,0.016211503006012023,0,0,300.0,0.05598208465089983,-0.8043454108257888,-4.290122843631405
579,0.016239599198396792,0,0,300.0,0.05794204256331932,-0.819623298590255,-4.305512034839215
580,0.016267695390781562,0,0,300.0,0.059915692563551406,-0.8350100221027197,-4.321156170504966
581,0.01629579158316633,0,0,300.0,0.061912558007157927,-0.8505107900717687,-4.337043389764031
582,0.0163238877755511,0,0,300.0,0.06392228920547814,-0.8661421507803521,-4.353189493830963
583,0.01635198396793587,0,0,300.0,0.06594645360410709,-0.8818843617520838,-4.36959187254243
584,0.01638008016032064,0,0,300.0,0.06800690951241907,-0.8977550086613901,-4.386227283421715
585,0.01640817635270541,0,0,300.0,0.07008369372756118,-0.9137329625838381,-4.403087125401002
586,0.01643627254509018,0,0,300.0,0.07217553236662047,-0.929823401329619,-4.420177519088236
587,0.01646436873747495,0,0,300.0,0.07428105886116505,-0.946018434382157,-4.43748697757702
588,0.01649246492985972,0,0,300.0,0.07639028383680696,-0.9622964044942285,-4.455034244652939
589,0.01652056112224449,0,0,300.0,0.07852512882800863,-0.9786655815529871,-4.472812433181836
590,0.016548657314629258,0,0,300.0,0.08067735163087045,-0.9951185684123911,-4.490823170781692
591,0.016576753507014028,0,0,300.0,0.08287019256678194,-1.0116805084839184,-4.509076432144709
592,0.016604849699398797,0,0,300.0,0.08507011374640001,-1.0283551679292893,-4.527577920115491
593,0.016632945891783567,0,0,300.0,0.0872881096918979,-1.0451242306665003,-4.546297901510789
594,0.016661042084168336,0,0,300.0,0.08951149894769833,-1.0619727185018055,-4.565247018672093
595,0.016689138276553106,0,0,300.0,0.09174052630946704,-1.0789098915979691,-4.5844384509118115
596,0.016717234468937876,0,0,300.0,0.09396809326497894,-1.0959283323940463,-4.603875732465426
597,0.016745330661322645,0,0,300.0,0.09620472307812386,-1.113033291043192,-4.623564824145382
598,0.016773426853707415,0,0,300.0,0.0984463395324178,-1.1302093054949314,-4.643490212344728
599,0.016801523046092184,0,0,300.0,0.10068949806707286,-1.1474313491023096,-4.66366011587934
600,0.016829619238476954,0,0,300.0,0.1029350828536546,-1.1647321213217816,-4.684069594308408
601,0.016857715430861724,0,0,300.0,0.10516626320535342,-1.1821216580500855,-4.7047401223900485
602,0.016885811623246493,0,0,300.0,0.10738030336150908,-1.1995834298089247,-4.7256536271996135
603,0.016913907815631263,0,0,300.0,0.1095934426080663,-1.2171084880555367,-4.746821375663221
604,0.016942004008016032,0,0,300.0,0.11180034134057715,-1.2346877650543064,-4.768227429351375
605,0.016970100200400802,0,0,300.0,0.1140084240860748,-1.2523199139854655,-4.789880151085495
606,0.01699819639278557,0,0,300.0,0.11620514070144818,-1.2699984431226525,-4.8117834702160165
607,0.01702629258517034,0,0,300.0,0.1183994379181728,-1.2877214003925663,-4.833949507819849
608,0.01705438877755511,0,0,300.0,0.12059475958400274,-1.305506889804964,-4.856384042559577
609,0.01708248496993988,0,0,300.0,0.12278129220793113,-1.3233564045864936,-4.879075401520805
610,0.01711058116232465,0,0,300.0,0.12495190013963782,-1.341256783039992,-4.902059593393562
611,0.01713867735470942,0,0,300.0,0.12710771412564584,-1.3592033123282727,-4.9252979914750465
612,0.01716677354709419,0,0,300.0,0.12925870086971913,-1.377180758104016,-4.948804832271387
613,0.01719486973947896,0,0,300.0,0.13139436491144207,-1.3951906724359229,-4.972565714542822
614,0.01722296593186373,0,0,300.0,0.13353043231716566,-1.4132299055754247,-4.996607096030592
615,0.017251062124248498,0,0,300.0,0.13566733081750806,-1.4312971876070115,-5.0209277362573195
616,0.017279158316633268,0,0,300.0,0.13780283755707995,-1.4493875425747547,-5.045525347660825
617,0.017307254509018037,0,0,300.0,0.13993448853287213,-1.467510024897026,-5.070394475003853
618,0.017335350701402807,0,0,300.0,0.14205697935400774,-1.4856539553137358,-5.095543613043175
619,0.017363446893787576,0,0,300.0,0.14416971631138528,-1.5038225183026597,-5.1210031457904694
620,0.017391543086172346,0,0,300.0,0.14626775844637382,-1.5220035323675836,-5.146797207404749
621,0.017419639278557116,0,0,300.0,0.1483589018438676,-1.5402165141512545,-5.172955212767537
622,0.017447735470941885,0,0,300.0,0.15043469359575068,-1.5584347130760838,-5.199465985531937
623,0.017475831663326655,0,0,300.0,0.1524816768393349,-1.576698951536453,-5.226346290655046
624,0.017503927855711424,0,0,300.0,0.1545085550462605,-1.5949798100045605,-5.253553909153862
625,0.017532024048096194,0,0,300.0,0.1565136965031507,-1.6132633979924733,-5.281083691639618
626,0.017560120240480964,0,0,300.0,0.15849080050736783,-1.6315519368085,-5.308950567739833
627,0.017588216432865733,0,0,300.0,0.16044391572758238,-1.6498272678343708,-5.3371870154160135
628,0.017616312625250503,0,0,300.0,0.16237137125468876,-1.6680860701724847,-5.365764244321114
629,0.017644408817635272,0,0,300.0,0.1642828308283723,-1.686346030809122,-5.394698026493381
630,0.017672505010020042,0,0,300.0,0.16618269450776024,-1.7045779101447374,-5.423984730340704
631,0.01770060120240481,0,0,300.0,0.1680573398989414,-1.722777231713902,-5.45361802061315
632,0.01772869739478958,0,0,300.0,0.16990886016819134,-1.740924887539946,-5.483582157082402
633,0.01775679358717435,0,0,300.0,0.1717339385721024,-1.759016695266822,-5.51390210230831
634,0.017784889779559117,0,0,300.0,0.17352837494256398,-1.777065357138663,-5.544583636353165
635,0.017812985971943886,0,0,300.0,0.1752807811642699,-1.7950476997847877,-5.575610013693099
636,0.017841082164328656,0,0,300.0,0.17700712945799507,-1.8129674138871115,-5.606939008428532
637,0.017869178356713426,0,0,300.0,0.17870991449947768,-1.8307424289335463,-5.638582400112421
638,0.017897274549098195,0,0,300.0,0.1803876274796314,-1.8484066064793243,-5.670538478240004
639,0.017925370741482965,0,0,300.0,0.18204317689035063,-1.8659719875568235,-5.70281587707367
640,0.017953466933867734,0,0,300.0,0.1836823828785159,-1.883447542906431,-5.735427125316767
641,0.017981563126252504,0,0,300.0,0.18527863478984796,-1.9007833751587442,-5.7684147485875155
642,0.018009659318637274,0,0,300.0,0.18682640839337858,-1.9179824096585354,-5.801778118382222
643,0.018037755511022043,0,0,300.0,0.18834349736691702,-1.9350589473997366,-5.835532658712673
644,0.018065851703406813,0,0,300.0,0.1898334626160153,-1.9520191223067374,-5.869656505724297
645,0.018093947895791582,0,0,300.0,0.19129337410703134,-1.9688510579255922,-5.904162288119366
646,0.018122044088176352,0,0,300.0,0.19272348203282558,-1.9855604950068901,-5.939025041297924
647,0.01815014028056112,0,0,300.0,0.1941348749495884,-2.0021480027989296,-5.974228207194826
648,0.01817823647294589,0,0,300.0,0.1955186579416458,-2.018611746033523,-6.009756091950121
649,0.01820633266533066,0,0,300.0,0.19689451485183376,-2.0349093815583155,-6.0456626087954985
650,0.01823442885771543,0,0,300.0,0.19823076110354312,-2.0510391074224734,-6.081942988512386
651,0.0182625250501002,0,0,300.0,0.1995387023050479,-2.067025528431725,-6.1185712769106955
652,0.01829062124248497,0,0,300.0,0.20083983255618393,-2.0828384631322856,-6.155566284340266
653,0.01831871743486974,0,0,300.0,0.20210767202253394,-2.098485609396582,-6.192925542532072
654,0.01834681362725451,0,0,300.0,0.203344746843704,-2.1139905688124103,-6.230624243980566
655,0.01837490981963928,0,0,300.0,0.20457022976929193,-2.12933846053393,-6.268669035606542
656,0.018403006012024048,0,0,300.0,0.2057631626668349,-2.1445117460077614,-6.307068183625527
657,0.018431102204408818,0,0,300.0,0.20693659398689654,-2.1595287325813435,-6.345796209736573
658,0.018459198396793587,0,0,300.0,0.20808072443462863,-2.174388557339797,-6.384868165150073
659,0.018487294589178357,0,0,300.0,0.20918357104335736,-2.189089860539358,-6.424289893619915
660,0.018515390781563126,0,0,300.0,0.2102605634868347,-2.203635259140398,-6.464053305781411
661,0.018543486973947896,0,0,300.0,0.21129961713899525,-2.218017003312437,-6.504155502475536
662,0.018571583166332666,0,0,300.0,0.21231415636389256,-2.232221195411614,-6.544585517603969
663,0.018599679358717435,0,0,300.0,0.21327581659669886,-2.246270240457423,-6.585374075046657
664,0.018627775551102205,0,0,300.0,0.21421662868468463,-2.26014438936951,-6.626489650586088
665,0.018655871743486974,0,0,300.0,0.21513588782576984,-2.273873823958963,-6.667965061868854
666,0.018683967935871744,0,0,300.0,0.21599980437326882,-2.2874390587915587,-6.709776792519075
667,0.018712064128256514,0,0,300.0,0.21682501932552262,-2.3007881532503487,-6.7519300605626915
668,0.018740160320641283,0,0,300.0,0.21761740273978253,-2.313940321867555,-6.794433534388466
669,0.018768256513026053,0,0,300.0,0.21839286180767592,-2.3268990171217765,-6.837274326557549
670,0.018796352705410822,0,0,300.0,0.21912496993878056,-2.3396771253186435,-6.880443200592874
671,0.018824448897795592,0,0,300.0,0.2198387440920175,-2.3522415467055318,-6.923926667566015
672,0.01885254509018036,0,0,300.0,0.22049979798668023,-2.364604531725396,-6.967756684184237
673,0.01888064128256513,0,0,300.0,0.22112639418243873,-2.3767632232308555,-7.011952856115689
674,0.0189087374749499,0,0,300.0,0.22174433185003425,-2.388707025942603,-7.056461905255171
675,0.01893683366733467,0,0,300.0,0.22230165389600273,-2.4004579956101932,-7.101302426412944
676,0.01896492985971944,0,0,300.0,0.2228272186240761,-2.4120067895932915,-7.146489670898492
677,0.01899302605210421,0,0,300.0,0.22332381299170187,-2.4233642569521106,-7.191993653036783
678,0.01902112224448898,0,0,300.0,0.2237760812230611,-2.4345139082967813,-7.237841826614385
679,0.01904921843687375,0,0,300.0,0.22419837867744938,-2.4454531484056847,-7.283995592628665
680,0.01907731462925852,0,0,300.0,0.22459715499774632,-2.4561817459900723,-7.330459767766204
681,0.019105410821643288,0,0,300.0,0.22494613346428532,-2.466692318260114,-7.37722731534567
682,0.019133507014028057,0,0,300.0,0.2252839711178401,-2.4770109533302547,-7.424341898693694
683,0.019161603206412827,0,0,300.0,0.22560405886331403,-2.4871111626208458,-7.471758367253906
684,0.019189699398797597,0,0,300.0,0.22587882449368726,-2.4970040143453947,-7.519516588323989
685,0.019217795591182366,0,0,300.0,0.22612818001950336,-2.5066952773357043,-7.567592292137108
686,0.019245891783567136,0,0,300.0,0.22633885577302318,-2.5161798648079428,-7.6159891525123875
687,0.019273987975951905,0,0,300.0,0.22650890827088904,-2.5254312528444762,-7.664705791389764
688,0.019302084168336675,0,0,300.0,0.226644511683866,-2.5344783178185954,-7.713725675020003
689,0.019330180360721445,0,0,300.0,0.22672961263223348,-2.543313833739911,-7.763081890224209
690,0.019358276553106214,0,0,300.0,0.22675576180949122,-2.55193952902573,-7.812783490752246
691,0.019386372745490984,0,0,300.0,0.22674274002634248,-2.560365041730843,-7.862824955756682
692,0.019414468937875753,0,0,300.0,0.22670505881083866,-2.568572933777762,-7.913205867174973
693,0.019442565130260523,0,0,300.0,0.22663628926992835,-2.576560548343572,-7.963933530132225
694,0.01947066132264529,0,0,300.0,0.22652824112178746,-2.5843541124585943,-8.014982775667216
695,0.01949875751503006,0,0,300.0,0.22638958974094622,-2.591911048271124,-8.06640446232677
696,0.01952685370741483,0,0,300.0,0.2262296783212385,-2.599241688025037,-8.118164335601968
697,0.019554949899799598,0,0,300.0,0.2260282633681228,-2.606349958506516,-8.17026601640876
698,0.019583046092184368,0,0,300.0,0.22579134985187538,-2.613205582704264,-8.222740348103924
699,0.019611142284569137,0,0,300.0,0.22551432278949926,-2.6198535479452354,-8.275553393831798
700,0.019639238476953907,0,0,300.0,0.22520572262771338,-2.6262809964609577,-8.328723478956906
701,0.019667334669338676,0,0,300.0,0.22482507231665314,-2.632457443076219,-8.382330530568382
702,0.019695430861723446,0,0,300.0,0.22441140030974763,-2.6383738243915373,-8.436350477090446
703,0.019723527054108216,0,0,300.0,0.22397435330435092,-2.644063120939315,-8.490701132687578
704,0.019751623246492985,0,0,300.0,0.2234741756038385,-2.6494976918312796,-8.545421045884098
705,0.019779719438877755,0,0,300.0,0.2229522497687143,-2.654666669485813,-8.600465162859956
706,0.019807815631262524,0,0,300.0,0.22240143022780307,-2.6595802690652253,-8.655839779873181
707,0.019835911823647294,0,0,300.0,0.221797729233665,-2.664203430427297,-8.711605688240375
708,0.019864008016032064,0,0,300.0,0.22115927038955582,-2.6685593129217167,-8.767709579879234
709,0.019892104208416833,0,0,300.0,0.2204823981683379,-2.6726020528091277,-8.82420561111739
710,0.019920200400801603,0,0,300.0,0.21973758464015963,-2.6763476012611065,-8.881122738501979
711,0.019948296593186372,0,0,300.0,0.21897920805118629,-2.6798173580012046,-8.93839331000136
712,0.019976392785571142,0,0,300.0,0.2181668694086275,-2.6830054176218243,-8.996013665525558
713,0.02000448897795591,0,0,300.0,0.21732767357483185,-2.685876380790819,-9.053947051489308
714,0.02003258517034068,0,0,300.0,0.21645041904241677,-2.6884831548149477,-9.112206328007355
715,0.02006068136272545,0,0,300.0,0.2155343791752276,-2.690824232485725,-9.170780877696478
716,0.02008877755511022,0,0,300.0,0.21460332246290556,-2.6928809475243667,-9.229639966277418
717,0.02011687374749499,0,0,300.0,0.21363070085902502,-2.694704025364953,-9.288868806128358
718,0.02014496993987976,0,0,300.0,0.21262648302996034,-2.696250379926142,-9.348460087245865
719,0.02017306613226453,0,0,300.0,0.21159075943377395,-2.6975139172034206,-9.408409754322731
720,0.0202011623246493,0,0,300.0,0.21054657356596074,-2.698469443042427,-9.468726849939554
721,0.02022925851703407,0,0,300.0,0.2094776876350882,-2.6990230660961725,-9.529628749584319
722,0.020257354709418838,0,0,300.0,0.2084127144350923,-2.699262646756355,-9.59087213185141
723,0.020285450901803607,0,0,300.0,0.20734348236162126,-2.699188041037005,-9.652458116403235
724,0.020313547094188377,0,0,300.0,0.20622674042988176,-2.6988314558715683,-9.714440914224031
725,0.020341643286573147,0,0,300.0,0.20512113354369654,-2.6981260082494574,-9.776744569029454
726,0.020369739478957916,0,0,300.0,0.20398023638877816,-2.6971211323786037,-9.839411750888639
727,0.020397835671342686,0,0,300.0,0.2028317412054645,-2.695814071190891,-9.902375990258552
728,0.020425931863727455,0,0,300.0,0.20166740697313992,-2.6941916280410916,-9.965636863574447
729,0.020454028056112225,0,0,300.0,0.2004867044992607,-2.692244136542213,-10.029149752953394
730,0.020482124248496995,0,0,300.0,0.19931902289014874,-2.690039214645174,-10.092892232925495
731,0.020510220440881764,0,0,300.0,0.1981036803756108,-2.687548104048402,-10.156863278608398
732,0.020538316633266534,0,0,300.0,0.1968723325180325,-2.6847414812312196,-10.221025467564305
733,0.020566412825651303,0,0,300.0,0.19560616253704158,-2.681608534251681,-10.285406320081846
734,0.020594509018036073,0,0,300.0,0.19432744461502238,-2.6781458840124936,-10.350030679916896
735,0.020622605210420843,0,0,300.0,0.1930126731011445,-2.674365579967812,-10.414877724400755
736,0.020650701402805612,0,0,300.0,0.1916811034195975,-2.6702366266011737,-10.479973327757982
737,0.020678797595190382,0,0,300.0,0.19033115536157402,-2.6657775448300067,-10.545245338620227
738,0.02070689378757515,0,0,300.0,0.18892961649722698,-2.661006744423733,-10.610704075585922
739,0.02073498997995992,0,0,300.0,0.1875204952433124,-2.655917765914449,-10.67633513259584
740,0.02076308617234469,0,0,300.0,0.18611134092472623,-2.650533620036423,-10.742108213977202
741,0.02079118236472946,0,0,300.0,0.18469225371772172,-2.644835374340654,-10.807989942562529
742,0.02081927855711423,0,0,300.0,0.18325011975539426,-2.6388346316882023,-10.873983174431737
743,0.020847374749499,0,0,300.0,0.181802432274678,-2.6324948511784934,-10.94007410180576
744,0.02087547094188377,0,0,300.0,0.1803184705533764,-2.625836677379866,-11.006344976961792
745,0.02090356713426854,0,0,300.0,0.17880372593401472,-2.6188542513688,-11.072779421598243
746,0.020931663326653308,0,0,300.0,0.17731107125784823,-2.6115745814080946,-11.139325338979626
747,0.020959759519038078,0,0,300.0,0.1757770952364188,-2.603954555677019,-11.206065615452498
748,0.020987855711422847,0,0,300.0,0.17420382678831492,-2.596007451372975,-11.272964013943245
749,0.021015951903807617,0,0,300.0,0.17265414787045708,-2.587717763277334,-11.33999210367546
750,0.021044048096192387,0,0,300.0,0.1711059962151329,-2.5790715583112354,-11.407154089706808
751,0.021072144288577156,0,0,300.0,0.16950716498541568,-2.5701135688768444,-11.47446308415493
752,0.021100240480961926,0,0,300.0,0.16786293883971737,-2.5608037039201728,-11.541904905483184
753,0.021128336673346695,0,0,300.0,0.1662053504181252,-2.5511714887037718,-11.60949579428244
754,0.02115643286573146,0,0,300.0,0.1645318090064017,-2.541191410118583,-11.677235679388163
755,0.02118452905811623,0,0,300.0,0.16283264494014485,-2.530896574216852,-11.74507376034868
756,0.021212625250501,0,0,300.0,0.16110433319888617,-2.5202520333248635,-11.813032136816936
757,0.02124072144288577,0,0,300.0,0.15936732432778347,-2.509269241046202,-11.881054960239066
758,0.02126881763527054,0,0,300.0,0.1576306651157692,-2.4979621559981426,-11.949205277488971
759,0.02129691382765531,0,0,300.0,0.15588591853829345,-2.486290758666069,-12.017414554386036
760,0.02132501002004008,0,0,300.0,0.1541091356654452,-2.4742768066584393,-12.085685259432324
761,0.02135310621242485,0,0,300.0,0.15233802243861927,-2.461901215372841,-12.153985908049815
762,0.02138120240480962,0,0,300.0,0.15054580102743018,-2.449187636551209,-12.222321513409188
763,0.021409298597194388,0,0,300.0,0.14872784900420186,-2.4361412626236008,-12.290706401182836
764,0.021437394789579158,0,0,300.0,0.1469195140228357,-2.422767921128372,-12.359088990555714
765,0.021465490981963927,0,0,300.0,0.14507388775156949,-2.4089952842960063,-12.427535294887754
766,0.021493587174348697,0,0,300.0,0.14322073451088824,-2.3948946361078898,-12.495923796390128
767,0.021521683366733466,0,0,300.0,0.14138670035396064,-2.380414532557323,-12.564310716254308
768,0.021549779559118236,0,0,300.0,0.13955820593032045,-2.365596099121698,-12.632694115441973
769,0.021577875751503005,0,0,300.0,0.13767697341283253,-2.3504550634076633,-12.701044968389203
770,0.021605971943887775,0,0,300.0,0.13579030227158784,-2.334987981974984,-12.769339264179637
771,0.021634068136272545,0,0,300.0,0.13391976826755084,-2.3191914041667716,-12.837540520166625
772,0.021662164328657314,0,0,300.0,0.13203646749007997,-2.303127836533919,-12.90566566236698
773,0.021690260521042084,0,0,300.0,0.1301633593088521,-2.286747820482849,-12.97368199299965
774,0.021718356713426853,0,0,300.0,0.12832001837663143,-2.2700663388922644,-13.041609538163645
775,0.021746452905811623,0,0,300.0,0.12650296642208309,-2.253050384478647,-13.109519458639294
776,0.021774549098196393,0,0,300.0,0.12465702756731564,-2.2357725744923695,-13.177378130448378
777,0.021802645290581162,0,0,300.0,0.12283640842747903,-2.2181122043844983,-13.245143385455536
778,0.021830741482965932,0,0,300.0,0.12102098236336416,-2.20010351833867,-13.312853074296592
779,0.0218588376753507,0,0,300.0,0.11923280566452416,-2.1817423394259805,-13.380506073562188
780,0.02188693386773547,0,0,300.0,0.11744700296660053,-2.1630196605498315,-13.448080439469125
781,0.02191503006012024,0,0,300.0,0.11565856052618623,-2.1439444790409694,-13.51564672088451
782,0.02194312625250501,0,0,300.0,0.11387662246916166,-2.1245489022988853,-13.583154427249509
783,0.02197122244488978,0,0,300.0,0.11211056736754735,-2.104765216235367,-13.65058966256934
784,0.02199931863727455,0,0,300.0,0.11037148923833529,-2.0846169409170026,-13.718008672147947
785,0.02202741482965932,0,0,300.0,0.1085968158552795,-2.0641093736318976,-13.785418116695729
786,0.02205551102204409,0,0,300.0,0.10685272796877598,-2.043206563058322,-13.852775394164517
787,0.022083607214428858,0,0,300.0,0.10517442961746042,-2.0219442226078086,-13.920141400531978
788,0.022111703406813628,0,0,300.0,0.10349578936484384,-2.000325915948194,-13.987597541810818
789,0.022139799599198397,0,0,300.0,0.10182058120336142,-1.9783312724456814,-14.055085280097142
790,0.022167895791583167,0,0,300.0,0.10015923156982535,-1.9559695133301955,-14.122669007036366
791,0.022195991983967937,0,0,300.0,0.09851343921235124,-1.9332508880490804,-14.19018486993943
792,0.022224088176352706,0,0,300.0,0.09687763547253585,-1.910182518943001,-14.25775278963544
793,0.022252184368737476,0,0,300.0,0.0952293587009573,-1.886721169106117,-14.325290638663144
794,0.022280280561122245,0,0,300.0,0.09358240477655984,-1.8628350016305193,-14.392839376221177
795,0.022308376753507015,0,0,300.0,0.09196144347475366,-1.8385815835449102,-14.460324259616831
796,0.022336472945891785,0,0,300.0,0.09034899154070715,-1.8138221676709898,-14.527752860326322
797,0.022364569138276554,0,0,300.0,0.08876247155014966,-1.7886677450105228,-14.595149177448231
798,0.022392665330661324,0,0,300.0,0.08719360881664621,-1.7630510199629754,-14.66242470145974
799,0.022420761523046093,0,0,300.0,0.08563105440566983,-1.7369941143274745,-14.7296228543428
800,0.022448857715430863,0,0,300.0,0.08413628487540012,-1.710472346843333,-14.796720208337
801,0.022476953907815633,0,0,300.0,0.08265879719386884,-1.6835211589402344,-14.863730549747146
802,0.022505050100200402,0,0,300.0,0.08126324331191644,-1.6561558580245173,-14.93070993595017
803,0.022533146292585172,0,0,300.0,0.07984263009617562,-1.6283275992765065,-14.997662385216696
804,0.02256124248496994,0,0,300.0,0.07841883048629471,-1.600132284012814,-15.064512593917424
805,0.02258933867735471,0,0,300.0,0.07705373232145177,-1.571547670712858,-15.13143166499096
806,0.02261743486973948,0,0,300.0,0.07570308238538549,-1.5424675227626004,-15.19828341004034
807,0.02264553106212425,0,0,300.0,0.07438042359574744,-1.512918933501323,-15.265125603286716
808,0.02267362725450902,0,0,300.0,0.07312782876769237,-1.482934108884968,-15.331922471152707
809,0.02270172344689379,0,0,300.0,0.07185473648517748,-1.4525126193102962,-15.398702066737394
810,0.02272981963927856,0,0,300.0,0.07072727125569414,-1.421633600588576,-15.465444441919477
811,0.02275791583166333,0,0,300.0,0.06960645338023995,-1.3902856587550478,-15.532180837929427
812,0.022786012024048098,0,0,300.0,0.06852126405010386,-1.358366867522826,-15.598714019650513
813,0.022814108216432868,0,0,300.0,0.06744793209364758,-1.3259058016313146,-15.665276395337454
814,0.022842204408817637,0,0,300.0,0.06647907555632081,-1.2929466313821025,-15.731709382000492
815,0.022870300601202403,0,0,300.0,0.06551537008265108,-1.259434725777137,-15.798172008643087
816,0.022898396793587173,0,0,300.0,0.06469113210990314,-1.2254393032456168,-15.864598082058903
817,0.022926492985971943,0,0,300.0,0.06387683879730764,-1.190838753855036,-15.931177021787574
818,0.022954589178356712,0,0,300.0,0.06316449628783664,-1.1557068836543274,-15.9976637820112
819,0.022982685370741482,0,0,300.0,0.06252371589879463,-1.1199574081785832,-16.06414804855521
820,0.02301078156312625,0,0,300.0,0.062017149650266966,-1.0836223283259183,-16.130599271768308
821,0.02303887775551102,0,0,300.0,0.06161026448720197,-1.0467926929586866,-16.196962866111285
822,0.02306697394789579,0,0,300.0,0.06127618055886982,-1.0094379678720895,-16.26326871914663
823,0.02309507014028056,0,0,300.0,0.06102328980359803,-0.9715579029897609,-16.329472109965376
824,0.02312316633266533,0,0,300.0,0.06095825885817358,-0.9331097278131013,-16.39554698311023
825,0.0231512625250501,0,0,300.0,0.06097603576058435,-0.8940955202625236,-16.461441686738848
826,0.02317935871743487,0,0,300.0,0.061158980710090266,-0.8546049718256522,-16.527077191417593
827,0.02320745490981964,0,0,300.0,0.061396006731544474,-0.8144874915955639,-16.59251097274708
828,0.023235551102204408,0,0,300.0,0.061878353997321764,-0.7738816232421082,-16.65762059629031
829,0.023263647294589178,0,0,300.0,0.062352289937311935,-0.7325873020176691,-16.7226934054127
830,0.023291743486973947,0,0,300.0,0.06306627419374643,-0.6906630288516573,-16.787598043696853
831,0.023319839679358717,0,0,300.0,0.0637952255927219,-0.6481565419663798,-16.85245511665817
832,0.023347935871743487,0,0,300.0,0.06467784675982903,-0.605069700783509,-16.917103736590178
833,0.023376032064128256,0,0,300.0,0.065745223510304,-0.5613926075294364,-16.981603037743
834,0.023404128256513026,0,0,300.0,0.06692341998290528,-0.517110951727647,-17.04591034646564
835,0.023432224448897795,0,0,300.0,0.06816644356272242,-0.4722876442146076,-17.110031757544135
836,0.023460320641282565,0,0,300.0,0.0695309966410779,-0.4268432446932545,-17.173957290025296
837,0.023488416833667335,0,0,300.0,0.07099780045385122,-0.3807479600994483,-17.237899568123385
838,0.023516513026052104,0,0,300.0,0.07260012595524343,-0.3341405615186058,-17.301479792313266
839,0.023544609218436874,0,0,300.0,0.0743178625705191,-0.2868270264995604,-17.36484473553529
840,0.023572705410821643,0,0,300.0,0.07612182673133228,-0.2388531180268848,-17.428103514755186
841,0.023600801603206413,0,0,300.0,0.07808338831532585,-0.19030462537234882,-17.491018634649276
842,0.023628897795591183,0,0,300.0,0.08017332182032964,-0.14113665831970307,-17.553745372996996
843,0.023656993987975952,0,0,300.0,0.08234005514260388,-0.09145001831558482,-17.6161351257138
844,0.023685090180360722,0,0,300.0,0.08460864570038598,-0.04105024269641764,-17.678211986728844
845,0.02371318637274549,0,0,300.0,0.0870870611182085,0.009957536139628196,-17.739918418643892
846,0.02374128256513026,0,0,300.0,0.08972415600028985,0.061496405359457856,-17.801276557065147
847,0.02376937875751503,0,0,300.0,0.09264976284379871,0.11354092318887457,-17.862278436847387
848,0.0237974749498998,0,0,300.0,0.09575647791400599,0.16623177722645138,-17.92295870793039
849,0.02382557114228457,0,0,300.0,0.09899482788801633,0.21960416603778504,-17.983400733223228
850,0.02385366733466934,0,0,300.0,0.10243800357695768,0.2735185481559354,-18.043454244756116
851,0.02388176352705411,0,0,300.0,0.10605711857113072,0.3279778008465955,-18.103079753146076
852,0.02390985971943888,0,0,300.0,0.10986960431798881,0.38287669015390124,-18.162319253333894
853,0.023937955911823648,0,0,300.0,0.1138572050202344,0.4382558750069872,-18.221125025841182
854,0.023966052104208418,0,0,300.0,0.11804022688524948,0.49407800028707727,-18.279301997788107
855,0.023994148296593187,0,0,300.0,0.1223449695050588,0.5504226676422614,-18.337087420234543
856,0.024022244488977957,0,0,300.0,0.12683004361616357,0.6072397052314195,-18.394333967409885
857,0.024050340681362727,0,0,300.0,0.13149677407041238,0.6645444221988837,-18.451206651950347
858,0.024078436873747496,0,0,300.0,0.136278524498241,0.7223656581902784,-18.507582632732323
859,0.024106533066132266,0,0,300.0,0.141378341843238,0.7806419328582195,-18.563497701641275
860,0.024134629258517035,0,0,300.0,0.14669146590705429,0.8393631455390316,-18.618964446736413
861,0.024162725450901805,0,0,300.0,0.1522899608998046,0.8985059872059159,-18.673905444490526
862,0.024190821643286575,0,0,300.0,0.15816035401421943,0.958082205844054,-18.72819813419591
863,0.024218917835671344,0,0,300.0,0.16435043579121222,1.0179775428500084,-18.781733182637602
864,0.024247014028056114,0,0,300.0,0.170703138178712,1.078264793025644,-18.83497241470438
865,0.024275110220440883,0,0,300.0,0.17730734260538095,1.1388776337403814,-18.887512043590874
866,0.024303206412825653,0,0,300.0,0.18414726276768795,1.1997581998579698,-18.939401418399772
867,0.024331302605210423,0,0,300.0,0.19120526507076702,1.2608992307708244,-18.99075079734995
868,0.024359398797595192,0,0,300.0,0.19847858253713696,1.3224414291635698,-19.041449993301693
869,0.024387494989979962,0,0,300.0,0.2060938295684032,1.38429586887904,-19.091591290608044
870,0.02441559118236473,0,0,300.0,0.2140198686556966,1.4464148227762985,-19.141126051991776
871,0.0244436873747495,0,0,300.0,0.22209320188688672,1.5088914258495245,-19.19023564426376
872,0.02447178356713427,0,0,300.0,0.2304072742352426,1.5716000735395217,-19.238673647493137
873,0.02449987975951904,0,0,300.0,0.23890183493819356,1.6345937515989495,-19.286916744963
874,0.02452797595190381,0,0,300.0,0.24766011096052432,1.697847845881086,-19.33457606724332
875,0.024556072144288576,0,0,300.0,0.25669662759753387,1.7612018706175423,-19.381728275823278
876,0.024584168336673345,0,0,300.0,0.26596063504414846,1.824729413416831,-19.428277901611164
877,0.024612264529058115,0,0,300.0,0.27544472625109434,1.888382851086931,-19.474162345094847
878,0.024640360721442885,0,0,300.0,0.28507174448878986,1.9521682560052454,-19.519710808687655
879,0.024668456913827654,0,0,300.0,0.29496401826099333,2.0161020019135867,-19.56480373381614
880,0.024696553106212424,0,0,300.0,0.3050973887744964,2.0801315344596043,-19.609685538953695
881,0.024724649298597193,0,0,300.0,0.3153165326500597,2.144372001622539,-19.65480670861047
882,0.024752745490981963,0,0,300.0,0.32590006118628706,2.2088685324169464,-19.699799410334286
883,0.024780841683366733,0,0,300.0,0.3365646741881326,2.273703546816024,-19.74432801747064
884,0.024808937875751502,0,0,300.0,0.3476077985051338,2.3386416286803513,-19.78835812665719
885,0.024837034068136272,0,0,300.0,0.3587971849397072,2.4035970076680275,-19.831799383632184
886,0.02486513026052104,0,0,300.0,0.3702899856110458,2.4685833381265114,-19.8746320665293
887,0.02489322645290581,0,0,300.0,0.38185887537672225,2.5333496091020753,-19.917028004057098
888,0.02492132264529058,0,0,300.0,0.3935265194425907,2.5980273584368523,-19.95939626723669
889,0.02494941883767535,0,0,300.0,0.4053200796981306,2.6623802890404327,-20.00140636702987
890,0.02497751503006012,0,0,300.0,0.41746492031646837,2.726318070248024,-20.042975004343983
891,0.02500561122244489,0,0,300.0,0.42966190044456326,2.7898219197429346,-20.084042308494194
892,0.02503370741482966,0,0,300.0,0.44221748219974094,2.8528495940314524,-20.12454865681364
893,0.02506180360721443,0,0,300.0,0.45482827010478916,2.915744919515646,-20.165068326721094
894,0.025089899799599198,0,0,300.0,0.4675641090631207,2.9783342479846695,-20.20560709085141
895,0.025117995991983968,0,0,300.0,0.4803076701695724,3.0405137321017492,-20.246294063949296
896,0.025146092184368737,0,0,300.0,0.4933121185839492,3.1022723575407953,-20.28668574575217
897,0.025174188376753507,0,0,300.0,0.506440438405945,3.1635198737258916,-20.326646808308812
898,0.025202284569138277,0,0,300.0,0.5197903777532406,3.2243935804320945,-20.36607644501401
899,0.025230380761523046,0,0,300.0,0.5330964936041986,3.2848588659916786,-20.406163322781723
900,0.025258476953907816,0,0,300.0,0.5463497045166607,3.34494563441405,-20.4459909882994
901,0.025286573146292585,0,0,300.0,0.5595955329492939,3.404452945006254,-20.48501506195394
902,0.025314669338677355,0,0,300.0,0.5729894736603444,3.4632592623497995,-20.523120575852303
903,0.025342765531062125,0,0,300.0,0.5865188378653539,3.521462023281756,-20.560486487835753
904,0.025370861723446894,0,0,300.0,0.6000721949211278,3.5791650879527914,-20.597474039668786
905,0.025398957915831664,0,0,300.0,0.6137505098366408,3.6361787341616782,-20.633696773356366
906,0.025427054108216433,0,0,300.0,0.6277265151240727,3.6923544683077054,-20.668969548244966
907,0.025455150300601203,0,0,300.0,0.6416099787522606,3.7478229627888715,-20.703632495587946
908,0.025483246492985973,0,0,300.0,0.6553184105413034,3.8025022551316296,-20.737956917186995
909,0.025511342685370742,0,0,300.0,0.6690477426689124,3.8564915996686553,-20.771834964282156
910,0.025539438877755512,0,0,300.0,0.6829678299556924,3.9095584380661785,-20.805070945210442
911,0.02556753507014028,0,0,300.0,0.6966592115322625,3.9618066203797806,-20.837473404549616
912,0.02559563126252505,0,0,300.0,0.7099700161075305,4.013103527089431,-20.869648448177003
913,0.02562372745490982,0,0,300.0,0.7233266990989123,4.063487064496589,-20.90123841852132
914,0.02565182364729459,0,0,300.0,0.7365372253527566,4.112869531870739,-20.932019906769618
915,0.02567991983967936,0,0,300.0,0.7495548548062393,4.161287378642512,-20.96164068457894
916,0.02570801603206413,0,0,300.0,0.7624355492764152,4.208394322827655,-20.990697605821534
917,0.0257361122244489,0,0,300.0,0.7755728483653316,4.253962998879005,-21.018169142802186
918,0.02576420841683367,0,0,300.0,0.7886068549810887,4.29835701396714,-21.044425459322994
919,0.025792304609218438,0,0,300.0,0.8013422298505727,4.34167777585477,-21.069617944290197
920,0.025820400801603208,0,0,300.0,0.8137772779842546,4.38375537066333,-21.093878229943552
921,0.025848496993987977,0,0,300.0,0.8261008840182885,4.4248038738293705,-21.116671463534658
922,0.025876593186372747,0,0,300.0,0.8382945991971225,4.464630911988205,-21.137788046182266
923,0.025904689378757517,0,0,300.0,0.8503571251581444,4.503635160012769,-21.158263519912254
924,0.025932785571142286,0,0,300.0,0.8619670735278034,4.541419620376569,-21.17681745892627
925,0.025960881763527056,0,0,300.0,0.873406869089214,4.577437749353084,-21.194068077723408
926,0.025988977955911825,0,0,300.0,0.8847127917655045,4.61185241095544,-21.210505153647283
927,0.026017074148296595,0,0,300.0,0.895619257817196,4.64449837825415,-21.22558086133143
928,0.026045170340681364,0,0,300.0,0.9063715863088869,4.676111526812851,-21.239288445598767
929,0.026073266533066134,0,0,300.0,0.9165062829274113,4.706443061025441,-21.2523762043804
930,0.026101362725450904,0,0,300.0,0.9264755053170382,4.734474730908724,-21.264518076919916
931,0.026129458917835673,0,0,300.0,0.9362589835391163,4.759984331222961,-21.274320716361682
932,0.026157555110220443,0,0,300.0,0.9458101739547045,4.783414291861303,-21.28277387015093
933,0.026185651302605212,0,0,300.0,0.9545888505978105,4.805184556641284,-21.290260443062508
934,0.026213747494989982,0,0,300.0,0.963279640621651,4.825211617051597,-21.296615874291586
935,0.026241843687374748,0,0,300.0,0.9718917717949114,4.843591270408145,-21.301619013283815
936,0.026269939879759518,0,0,300.0,0.9799249377438412,4.860148673517184,-21.306122292826622
937,0.026298036072144287,0,0,300.0,0.9878210079004411,4.8751475451904955,-21.309333884380827
938,0.026326132264529057,0,0,300.0,0.9953315558429097,4.888079570628095,-21.311428588862874
939,0.026354228456913827,0,0,300.0,1.002247517981099,4.899648284805704,-21.311578701638332
940,0.026382324649298596,0,0,300.0,1.0086014844277167,4.909417670213841,-21.31166255421697
941,0.026410420841683366,0,0,300.0,1.0135508599468597,4.917853695093383,-21.31236887748476
942,0.026438517034068135,0,0,300.0,1.0186938469256295,4.92448741593871,-21.312994689053692
943,0.026466613226452905,0,0,300.0,1.0230847195557977,4.929472010013315,-21.315057129438863
944,0.026494709418837675,0,0,300.0,1.0265247709456715,4.933510184685555,-21.319718979665247
945,0.026522805611222444,0,0,300.0,1.0294892325487508,4.936577769761197,-21.325999777305118
946,0.026550901803607214,0,0,300.0,1.0312871499463865,4.9380970683838115,-21.33270128723893
947,0.026578997995991983,0,0,300.0,1.0327251676580536,4.9390821860227385,-21.3405963733382
948,0.026607094188376753,0,0,300.0,1.0328326774109886,4.939055224179384,-21.351105647404825
949,0.026635190380761523,0,0,300.0,1.0321883294081662,4.93826930729257,-21.363595311543794
950,0.026663286573146292,0,0,300.0,1.030414473017781,4.936069324354008,-21.37704559499583
951,0.026691382765531062,0,0,300.0,1.0277530289658543,4.932987634847633,-21.391036539586647
952,0.02671947895791583,0,0,300.0,1.024286911719941,4.9284640759238085,-21.4072784715552
953,0.0267475751503006,0,0,300.0,1.0198163064598942,4.92287845501319,-21.426066775639818
954,0.02677567134268537,0,0,300.0,1.0144193447758973,4.916446100701083,-21.44783868916279
955,0.02680376753507014,0,0,300.0,1.0075597342709515,4.909001126662415,-21.472056405448463
956,0.02683186372745491,0,0,300.0,0.9995889743690914,4.899872204053816,-21.496987879963235
957,0.02685995991983968,0,0,300.0,0.9908160775393012,4.889610730289072,-21.524731230204154
958,0.02688805611222445,0,0,300.0,0.9809400804253872,4.878670433118268,-21.55664616774583
959,0.02691615230460922,0,0,300.0,0.9711899007575334,4.866138145283208,-21.59467312590791
960,0.026944248496993988,0,0,300.0,0.9599816861421545,4.85425351152399,-21.641974727138003
961,0.026972344689378758,0,0,300.0,0.9477474123905109,4.841641887945239,-21.69761306452173
962,0.027000440881763527,0,0,300.0,0.9342640923432036,4.828425959352195,-21.761826887284197
963,0.027028537074148297,0,0,300.0,0.9201100240801974,4.814267056419298,-21.831562651397835
964,0.027056633266533067,0,0,300.0,0.9042530354682078,4.799244067723861,-21.9101747110227
965,0.027084729458917836,0,0,300.0,0.8868264058669788,4.781557101849406,-21.993505125833302
966,0.027112825651302606,0,0,300.0,0.8679234248733639,4.763697913377331,-22.081129350479213
967,0.027140921843687375,0,0,300.0,0.8487579022557411,4.742855264658108,-22.175241069792886
968,0.027169018036072145,0,0,300.0,0.8282271256900238,4.719986005773759,-22.274248155899592
969,0.027197114228456915,0,0,300.0,0.8062915888196571,4.695188639860984,-22.371590427630007
970,0.027225210420841684,0,0,300.0,0.783996448199313,4.667179986427048,-22.467397576010406
971,0.027253306613226454,0,0,300.0,0.7591662306469266,4.63401292165528,-22.555000389164736
972,0.027281402805611223,0,0,300.0,0.7328712029366765,4.594590582668242,-22.628080539119285
973,0.027309498997995993,0,0,300.0,0.7049527596114121,4.548519843669,-22.674909712610734
974,0.027337595190380762,0,0,300.0,0.67461144894028,4.495488349462525,-22.687386743459502
975,0.027365691382765532,0,0,300.0,0.6427107242080441,4.436263817571022,-22.651414349093933
976,0.0273937875751503,0,0,300.0,0.6099331793176794,4.369717837081114,-22.56212777950413
977,0.02742188376753507,0,0,300.0,0.5766553350776499,4.295475898535817,-22.412131342645267
978,0.02744997995991984,0,0,300.0,0.5425939463113159,4.212455133927054,-22.195087526225212
979,0.02747807615230461,0,0,300.0,0.5074662096353771,4.119346000430322,-21.907098534643396
980,0.02750617234468938,0,0,300.0,0.4724261874234946,4.015965881365321,-21.545358031389135
981,0.02753426853707415,0,0,300.0,0.4379700412188065,3.901642698530841,-21.10971793799368
982,0.02756236472945892,0,0,300.0,0.403810170646491,3.776370325086097,-20.60026061158902
983,0.02759046092184369,0,0,300.0,0.37020533717603976,3.6407588040831325,-20.017929355183114
984,0.02761855711422846,0,0,300.0,0.3370516380123422,3.4933548518515853,-19.36150533419654
985,0.027646653306613228,0,0,300.0,0.30441715444627515,3.335576155567216,-18.63170398117385
986,0.027674749498997998,0,0,300.0,0.27370306901950564,3.166911193436598,-17.82822750714883
987,0.027702845691382767,0,0,300.0,0.2439568288402093,2.987066306842884,-16.951296564030642
988,0.027730941883767537,0,0,300.0,0.215517382026678,2.7966864306432737,-15.999446117229066
989,0.027759038076152306,0,0,300.0,0.18738121043758632,2.594689530789443,-14.970092785130806
990,0.027787134268537076,0,0,300.0,0.15987027287938751,2.382288648111228,-13.861286007543264
991,0.027815230460921846,0,0,300.0,0.1338737109416299,2.1594278573276506,-12.6714413025358
992,0.027843326653306615,0,0,300.0,0.10953062851178166,1.9267655673298414,-11.39914537242907
993,0.027871422845691385,0,0,300.0,0.08828115721237137,1.6837125757856573,-10.04540248548754
994,0.027899519038076154,0,0,300.0,0.0694502060457302,1.4325543960638443,-8.609509012433989
995,0.02792761523046092,0,0,300.0,0.05482784951776717,1.1732744207317995,-7.094967093556327
996,0.02795571142284569,0,0,300.0,0.04419488089839654,0.9064879875184061,-5.503568417857716
997,0.02798380761523046,0,0,300.0,0.037490283523777056,0.6319850781304066,-3.8365935322289926
998,0.02801190380761523,0,0,300.0,0.03507037384351669,0.3494821149885641,-2.0935973969593618
999,0.02804,0,0,300.0,0.023837837182500165,0.06006598588093245,-0.29879943231796585
