1,0.0,0,0,300.0,-3.552713678800501e-18,0.1375464946320817,1.7763568394002505e-18
2,2.809619238476954e-05,0,0,300.0,0.00022217031863540625,0.13754291102359084,-0.005359448855330315
3,5.619238476953908e-05,0,0,300.0,0.0004443406372708196,0.13753216019811837,-0.01071889771066062
4,8.428857715430862e-05,0,0,300.0,0.0006665109567197867,0.13751424215558547,-0.016078346585616556
5,0.00011238476953907816,0,0,300.0,0.0008886812745416322,0.1374891568962284,-0.021437795421321255
6,0.0001404809619238477,0,0,300.0,0.0011108515904247618,0.13745690442025488,-0.026797244210258007
7,0.00016857715430861723,0,0,300.0,0.0013330219134395662,0.13741748472609686,-0.032156693171233125
8,0.00019667334669338677,0,0,300.0,0.0015551922312030122,0.13737089781586048,-0.037516142005528934
9,0.00022476953907815632,0,0,300.0,0.0017793297729936982,0.13730936169566366,-0.04286872225736984
10,0.00025286573146292583,0,0,300.0,0.0020227779367888205,0.13726480283450337,-0.0482210228224903
11,0.0002809619238476954,0,0,300.0,0.002273138403426383,0.13724085377319778,-0.0535855574790599
12,0.0003090581162324649,0,0,300.0,0.0025260216271609935,0.1372210651210199,-0.05895517357744592
13,0.00033715430861723446,0,0,300.0,0.0027794918113957508,0.137201109348473,-0.0643287717216673
14,0.000365250501002004,0,0,300.0,0.003032590723029827,0.13717828680746583,-0.06970560406041126
15,0.00039334669338677355,0,0,300.0,0.0032847987116734743,0.1371506530216659,-0.07508511435009839
16,0.0004214428857715431,0,0,300.0,0.0035356830246005087,0.13711770649250105,-0.08046737964759822
17,0.00044953907815631263,0,0,300.0,0.003785035033486359,0.1370785065380974,-0.08585214706122025
18,0.0004776352705410822,0,0,300.0,0.004032678626142687,0.1370326186621041,-0.0912393700927426
19,0.0005057314629258517,0,0,300.0,0.004278540766295457,0.13697937349846828,-0.09662885414426955
20,0.0005338276553106213,0,0,300.0,0.004522478842400392,0.13691886779299228,-0.10202073908165073
21,0.0005619238476953907,0,0,300.0,0.004764547457478852,0.136850682632718,-0.10741491761903191
22,0.0005900200400801603,0,0,300.0,0.005004433184968686,0.1367746354669261,-0.11281132952201212
23,0.0006181162324649298,0,0,300.0,0.005242423905486934,0.13669075477089757,-0.11821008241555515
24,0.0006462124248496994,0,0,300.0,0.00547816576809678,0.13659879699509628,-0.12361105442620085
25,0.0006743086172344689,0,0,300.0,0.005712010283274722,0.13649845573522537,-0.1290141971660642
26,0.0007024048096192385,0,0,300.0,0.005943569114449034,0.136389898929111,-0.1344195596402036
27,0.000730501002004008,0,0,300.0,0.006173070078173733,0.1362730594350624,-0.13982717173336265
28,0.0007585971943887776,0,0,300.0,0.006400440572296859,0.13614777104636466,-0.14523697037889263
29,0.0007866933867735471,0,0,300.0,0.006625722023673731,0.1360141035319561,-0.15064899958509717
30,0.0008147895791583167,0,0,300.0,0.006833704687326879,0.13587199182486875,-0.15606874780293198
31,0.0008428857715430862,0,0,300.0,0.007050621879892478,0.13571767246003388,-0.1615074111176018
32,0.0008709819639278558,0,0,300.0,0.007268166353964748,0.13555395934819528,-0.16695676541736526
33,0.0008990781563126253,0,0,300.0,0.007484662904756817,0.13538126710314202,-0.1724146308274199
34,0.0009271743486973948,0,0,300.0,0.007699576310726883,0.1352004097859449,-0.17788001428784617
35,0.0009552705410821644,0,0,300.0,0.007907582415559972,0.13501233742633323,-0.18335343803322496
36,0.000983366733466934,0,0,300.0,0.008102848008231873,0.1348745824442356,-0.1888339197741209
37,0.0010114629258517033,0,0,300.0,0.008303965573938097,0.13477068275053616,-0.19431413604751271
38,0.001039559118236473,0,0,300.0,0.008504846875895658,0.13468608133155185,-0.19979766141717106
39,0.0010676553106212425,0,0,300.0,0.008704672117802821,0.1346152743792333,-0.20528476852960226
40,0.0010957515030060121,0,0,300.0,0.00890395469394769,0.1345548566748393,-0.2107754131802644
41,0.0011238476953907815,0,0,300.0,0.00910131260318139,0.13450244495690106,-0.21627042291193987
42,0.001151943887775551,0,0,300.0,0.009297350848900252,0.13445676984418323,-0.2217694175224367
43,0.0011800400801603207,0,0,300.0,0.00949160908155276,0.13441591923665883,-0.22727267156247408
44,0.0012081362725450903,0,0,300.0,0.009684582040998176,0.13437930612518076,-0.23277980308465895
45,0.0012362324649298597,0,0,300.0,0.009876102738185146,0.13434625673382267,-0.23829107772524383
46,0.0012643286573146293,0,0,300.0,0.010065826452564309,0.13431553551690154,-0.24380624326113365
47,0.0012924248496993989,0,0,300.0,0.010253650604272871,0.13428701336276164,-0.2493254337040333
48,0.0013205210420841685,0,0,300.0,0.010439514407211484,0.1342603512795532,-0.254848870532698
49,0.0013486172344689378,0,0,300.0,0.010624373551016945,0.13423430300487252,-0.2603763741074505
50,0.0013767134268537074,0,0,300.0,0.010806514909284725,0.134209673047557,-0.26590779787210417
51,0.001404809619238477,0,0,300.0,0.01098757971704979,0.1341849094059334,-0.2714434052307331
52,0.0014329058116232464,0,0,300.0,0.011166712952550718,0.13416069534107003,-0.2769831751943739
53,0.001461002004008016,0,0,300.0,0.011344706702110513,0.13413597668050306,-0.2825267382534667
54,0.0014890981963927856,0,0,300.0,0.011520112158201493,0.13411138312598075,-0.2880745375031953
55,0.0015171943887775552,0,0,300.0,0.01169437199885014,0.1340858167593571,-0.29362607719965333
56,0.0015452905811623246,0,0,300.0,0.011866242958491952,0.13405975226547462,-0.29918228107116535
57,0.0015733867735470942,0,0,300.0,0.0120367814645282,0.13403260317960672,-0.30474180663493533
58,0.0016014829659318638,0,0,300.0,0.012205489907528743,0.13400468305228894,-0.3103056782693896
59,0.0016295791583166334,0,0,300.0,0.01238256836839649,0.13397887948772036,-0.315891541086051
60,0.0016576753507014028,0,0,300.0,0.012557312826932602,0.1339834346518887,-0.3214763227391786
61,0.0016857715430861724,0,0,300.0,0.012734988229624886,0.13400577314466108,-0.32706448191884363
62,0.001713867735470942,0,0,300.0,0.012915222377942378,0.13404176229801756,-0.33265563410323656
63,0.0017419639278557116,0,0,300.0,0.013096340893629517,0.13408897750930582,-0.33825194485143106
64,0.001770060120240481,0,0,300.0,0.013278706392249734,0.13414574037255705,-0.34385370422122796
65,0.0017981563126252505,0,0,300.0,0.013462064628092112,0.1342106185005278,-0.34946051168129233
66,0.0018262525050100201,0,0,300.0,0.013645484312867787,0.13428160197049896,-0.3550732903771852
67,0.0018543486973947895,0,0,300.0,0.013827283652061808,0.13435435081511626,-0.3606922073379386
68,0.001882444889779559,0,0,300.0,0.01400781293935716,0.13442960373671406,-0.3663172796034166
69,0.0019105410821643287,0,0,300.0,0.01418547379315242,0.1345071272455835,-0.37194975907684846
70,0.0019386372745490983,0,0,300.0,0.014361297284622718,0.13458706330032574,-0.3775898238458656
71,0.001966733466933868,0,0,300.0,0.014535465076331256,0.134668314584253,-0.38323606551015027
72,0.0019948296593186375,0,0,300.0,0.01470734054771838,0.13475144809881395,-0.38889054255407857
73,0.0020229258517034067,0,0,300.0,0.014877371509848846,0.13483553167022727,-0.3945525085463136
74,0.0020510220440881763,0,0,300.0,0.015045457356425703,0.13492061732393806,-0.4002212058716227
75,0.002079118236472946,0,0,300.0,0.015211438656834506,0.1350062346389446,-0.40589838656772226
76,0.0021072144288577154,0,0,300.0,0.015375444459241116,0.13509221270953758,-0.4115828363633901
77,0.002135310621242485,0,0,300.0,0.01553779977769815,0.13517917428214365,-0.41727519921000955
78,0.0021634068136272546,0,0,300.0,0.015698109618497647,0.13526640755627728,-0.42297473341397457
79,0.0021915030060120242,0,0,300.0,0.015856123684959582,0.13535269370707473,-0.42868276507148617
80,0.002219599198396794,0,0,300.0,0.016012888479507072,0.135439733009955,-0.4343986933664585
81,0.002247695390781563,0,0,300.0,0.016167324918150358,0.1355265319942193,-0.4401222249658382
82,0.0022757915831663326,0,0,300.0,0.016319758292727294,0.1356128742143062,-0.4458537063824717
83,0.002303887775551102,0,0,300.0,0.016470400181724326,0.13569867385221618,-0.45159326342468137
84,0.002331983967935872,0,0,300.0,0.016627264918041302,0.13578891526818684,-0.4573369116231618
85,0.0023600801603206414,0,0,300.0,0.016773293709738957,0.13589004672495986,-0.4630957786633483
86,0.002388176352705411,0,0,300.0,0.0169151926693529,0.1359965796793521,-0.4688655914623298
87,0.0024162725450901806,0,0,300.0,0.017052913949282805,0.1361059555240582,-0.474645277641761
88,0.0024443687374749497,0,0,300.0,0.017187086628419113,0.1362184280213379,-0.4804333584695148
89,0.0024724649298597193,0,0,300.0,0.017318916389615288,0.13633396508949147,-0.486230125650843
90,0.002500561122244489,0,0,300.0,0.01744736339974458,0.13645088803496125,-0.4920356770631688
91,0.0025286573146292585,0,0,300.0,0.017573347608759598,0.13657023018267786,-0.49784941338248395
92,0.002556753507014028,0,0,300.0,0.017696772127008268,0.13668993755244674,-0.5036715147537669
93,0.0025848496993987977,0,0,300.0,0.01781761580409141,0.13681187688389962,-0.5095015022991517
94,0.0026129458917835673,0,0,300.0,0.01793595775346967,0.13693396207230232,-0.5153392721503156
95,0.002641042084168337,0,0,300.0,0.018051490866053357,0.1370570604448536,-0.5211861939021843
96,0.002669138276553106,0,0,300.0,0.01816570211113571,0.13718081316124411,-0.5270396340859436
97,0.0026972344689378757,0,0,300.0,0.018277282943327176,0.13730453537045087,-0.5329014363686556
98,0.0027253306613226453,0,0,300.0,0.01838649923733051,0.1374286843250509,-0.538771151843124
99,0.002753426853707415,0,0,300.0,0.018493465806583457,0.13755283039020433,-0.5446491867049577
100,0.0027815230460921845,0,0,300.0,0.01859867328614894,0.13767710797019303,-0.5505346016657662
101,0.002809619238476954,0,0,300.0,0.018701185361840168,0.13780101614861895,-0.5564274235812877
102,0.0028377154308617237,0,0,300.0,0.01880246499018455,0.1379248116535209,-0.5623281393996983
103,0.002865811623246493,0,0,300.0,0.01890150164266842,0.13805107708822126,-0.5682389585416068
104,0.0028939078156312624,0,0,300.0,0.01899208385472127,0.13819395524951875,-0.5741842297444479
105,0.002922004008016032,0,0,300.0,0.019072498999011974,0.13834301980877256,-0.5801529990448941
106,0.0029501002004008016,0,0,300.0,0.019130877130697173,0.13853336847438183,-0.5861706894639818
107,0.0029781963927855712,0,0,300.0,0.01917431453641529,0.13875435266121855,-0.5922172372680664
108,0.003006292585170341,0,0,300.0,0.019212671036739452,0.13898012041946942,-0.5982789652153004
109,0.0030343887775551104,0,0,300.0,0.019247804637761115,0.13920764698947116,-0.604354332863174
110,0.00306248496993988,0,0,300.0,0.01927801227368693,0.13945077383690124,-0.6104603493421475
111,0.003090581162324649,0,0,300.0,0.019279570855655962,0.13971094499554249,-0.6165895585547071
112,0.0031186773547094188,0,0,300.0,0.01926030610726801,0.1399791153247419,-0.622738332610573
113,0.0031467735470941884,0,0,300.0,0.019229705488485477,0.14025825860711558,-0.6289053555364076
114,0.003174869739478958,0,0,300.0,0.019194389995596077,0.1405471874367292,-0.6350966104738403
115,0.0032029659318637276,0,0,300.0,0.019148193434311907,0.14083420814064723,-0.6413121885934138
116,0.003231062124248497,0,0,300.0,0.01909116116807318,0.14112069351453346,-0.6475460235052012
117,0.0032591583166332668,0,0,300.0,0.019027847350688503,0.1414033940593199,-0.6537951786837921
118,0.003287254509018036,0,0,300.0,0.01896282481396546,0.14168451947985672,-0.6600614738791374
119,0.0033153507014028055,0,0,300.0,0.018892316141382814,0.14196758248238428,-0.6663456209500539
120,0.003343446893787575,0,0,300.0,0.018815979593134947,0.14225049777707885,-0.6726606683509807
121,0.0033715430861723447,0,0,300.0,0.018737804249435455,0.14253069241754227,-0.6789969611244344
122,0.0033996392785571143,0,0,300.0,0.01865690100407331,0.1428095079013109,-0.685348668852556
123,0.003427735470941884,0,0,300.0,0.01857410410579979,0.14308734455438474,-0.6917148605932459
124,0.0034558316633266535,0,0,300.0,0.01848819055120217,0.14336349348063782,-0.698094550572179
125,0.003483927855711423,0,0,300.0,0.018400374277766942,0.1436379172933919,-0.70448721401271
126,0.0035120240480961923,0,0,300.0,0.01831022037475434,0.14391028954867904,-0.7108930459023471
127,0.003540120240480962,0,0,300.0,0.01821866369406411,0.14418079745199913,-0.7173105189894625
128,0.0035682164328657315,0,0,300.0,0.01812538731320945,0.1444491247233279,-0.723741529679631
129,0.003596312625250501,0,0,300.0,0.018030162779984028,0.1447152295330395,-0.7301830532847889
130,0.0036244088176352707,0,0,300.0,0.017933248556010903,0.14497859926565598,-0.7366368130491813
131,0.0036525050100200403,0,0,300.0,0.017832459307956638,0.14524141566687251,-0.7430963953540404
132,0.00368060120240481,0,0,300.0,0.017732754596565002,0.14550124622317423,-0.7495580221160894
133,0.003708697394789579,0,0,300.0,0.01763239751559378,0.14575920091825437,-0.7560251267863437
134,0.0037367935871743486,0,0,300.0,0.017531173073385035,0.14601404807842225,-0.7624995970334897
135,0.003764889779559118,0,0,300.0,0.017430572740570662,0.14626622571940345,-0.7689820311857883
136,0.003792985971943888,0,0,300.0,0.01732876079633655,0.1465156800334707,-0.7754707128417276
137,0.0038210821643286574,0,0,300.0,0.017227298538939565,0.1467616592335265,-0.7819660741343794
138,0.003849178356713427,0,0,300.0,0.01712567795222834,0.14700463774391648,-0.7884692868927395
139,0.0038772745490981966,0,0,300.0,0.017023835123962723,0.14724470169064036,-0.7949802792230166
140,0.003905370741482966,0,0,300.0,0.016922430148010256,0.14747823556868456,-0.8014983154394216
141,0.003933466933867736,0,0,300.0,0.016822420472141393,0.14770290736611508,-0.8080265099625908
142,0.003961563126252505,0,0,300.0,0.01672395297536888,0.14792075814761887,-0.814563287251151
143,0.003989659318637275,0,0,300.0,0.016626195609375033,0.1481305658435701,-0.8211076786296856
144,0.004017755511022045,0,0,300.0,0.016529451972424055,0.1483349016043432,-0.8276612850999142
145,0.004045851703406813,0,0,300.0,0.016432986172876272,0.1485325775053364,-0.8342225882348534
146,0.004073947895791583,0,0,300.0,0.01633718077356156,0.14872429835717774,-0.8407918755748046
147,0.0041020440881763525,0,0,300.0,0.016241976092298816,0.1489102495457231,-0.8473698848206734
148,0.004130140280561122,0,0,300.0,0.016147293792161947,0.14909142787822782,-0.8539580046170088
149,0.004158236472945892,0,0,300.0,0.016052108191968447,0.14926671119682544,-0.8605572374279511
150,0.004186332665330661,0,0,300.0,0.015956904538350126,0.1494364005177649,-0.8671661317498187
151,0.004214428857715431,0,0,300.0,0.01586188560333505,0.149601815693699,-0.8737847574091361
152,0.0042425250501002005,0,0,300.0,0.01576745948037422,0.1497615834711446,-0.8804151432097378
153,0.00427062124248497,0,0,300.0,0.015673065229821773,0.14991821411474773,-0.8870541574866609
154,0.00429871743486974,0,0,300.0,0.015579675405257704,0.15006954287833627,-0.8937042168311778
155,0.004326813627254509,0,0,300.0,0.015485467445870597,0.1502171344293591,-0.9003630918653334
156,0.004354909819639279,0,0,300.0,0.015391667173818398,0.15036104449635962,-0.9070321087864167
157,0.0043830060120240485,0,0,300.0,0.015298540501055037,0.15050044182544114,-0.9137095096987153
158,0.004411102204408818,0,0,300.0,0.015204941107505036,0.15063610055642437,-0.9203969026661398
159,0.004439198396793588,0,0,300.0,0.015111317608333131,0.15076854974101522,-0.9270933669665603
160,0.004467294589178356,0,0,300.0,0.015017758266549485,0.1508968953703323,-0.9337986632188963
161,0.004495390781563126,0,0,300.0,0.01492414177391339,0.15102212680049495,-0.9405125763820648
162,0.004523486973947896,0,0,300.0,0.014830608135375815,0.15114358804355546,-0.947235115397332
163,0.004551583166332665,0,0,300.0,0.014736338830505262,0.1512619329975984,-0.953966485349412
164,0.004579679358717435,0,0,300.0,0.01464239272814595,0.1513770293446409,-0.9607061747145049
165,0.004607775551102204,0,0,300.0,0.014548341041543185,0.15148870010575916,-0.9674538287653307
166,0.004635871743486974,0,0,300.0,0.014453267939549952,0.1515972042930661,-0.9742107364724703
167,0.004663967935871744,0,0,300.0,0.014357773480748981,0.1517030551573202,-0.9809754922728046
168,0.004692064128256513,0,0,300.0,0.014262664596703452,0.1518053156140002,-0.9877482687876734
169,0.004720160320641283,0,0,300.0,0.01416923561001741,0.1519095425010977,-0.9945291012273554
170,0.004748256513026052,0,0,300.0,0.014079068597494963,0.15202689012071635,-1.0013256840325089
171,0.004776352705410822,0,0,300.0,0.013990206074565041,0.15214477691945272,-1.0081356331256643
172,0.004804448897795592,0,0,300.0,0.013900728000007731,0.15226137352948135,-1.0149611977021715
173,0.004832545090180361,0,0,300.0,0.01381174729875665,0.15238185765496076,-1.0218058603155238
174,0.004860641282565131,0,0,300.0,0.013721583016716483,0.1525068836859502,-1.0286637066272624
175,0.0048887374749498995,0,0,300.0,0.013630706537871785,0.15263433556769673,-1.0355370062583638
176,0.004916833667334669,0,0,300.0,0.013539438167075868,0.15276298031184005,-1.0424240475009126
177,0.004944929859719439,0,0,300.0,0.013447246838839877,0.15289293144711394,-1.0493241584793864
178,0.004973026052104208,0,0,300.0,0.0133547599121961,0.15302359809080468,-1.0562374763698221
179,0.005001122244488978,0,0,300.0,0.013261163967317859,0.15315446348172793,-1.0631634126698948
180,0.0050292184368737475,0,0,300.0,0.013167369761164316,0.15328556463220425,-1.0701018597470762
181,0.005057314629258517,0,0,300.0,0.013073098944281497,0.1534149668044386,-1.0770518451372233
182,0.005085410821643287,0,0,300.0,0.012977567388797105,0.15354519198513872,-1.0840132690707251
183,0.005113507014028056,0,0,300.0,0.012882812783018917,0.15367231791716582,-1.0909855510082285
184,0.005141603206412826,0,0,300.0,0.012782434738737759,0.15380606827951765,-1.0979719619568176
185,0.0051696993987975955,0,0,300.0,0.012684639762078632,0.1539343691111547,-1.1049982705271373
186,0.005197795591182365,0,0,300.0,0.012585035244782062,0.15406056765415316,-1.1120476022414665
187,0.005225891783567135,0,0,300.0,0.012485482690960744,0.1541840207681478,-1.119116551503633
188,0.005253987975951904,0,0,300.0,0.012385423092361358,0.15430434569456916,-1.126203803816033
189,0.005282084168336674,0,0,300.0,0.012284251755857881,0.1544224365664787,-1.1333073591570402
190,0.005310180360721443,0,0,300.0,0.012183236141846524,0.15453732798115186,-1.1404270050139034
191,0.005338276553106212,0,0,300.0,0.01208049887362278,0.1546503075518966,-1.147563803474204
192,0.005366372745490982,0,0,300.0,0.01197738981433654,0.15476067867337026,-1.1547168112910036
193,0.005394468937875751,0,0,300.0,0.011873242576889804,0.15486705307513682,-1.1618865431211074
194,0.005422565130260521,0,0,300.0,0.011768671398955445,0.15497100641225336,-1.1690708152328653
195,0.005450661322645291,0,0,300.0,0.011662602372319725,0.15507282276268233,-1.1762691786572417
196,0.00547875751503006,0,0,300.0,0.011556470924559551,0.15517047859427502,-1.1834822074563696
197,0.00550685370741483,0,0,300.0,0.01144884722810059,0.15526487129801325,-1.190708836337703
198,0.005534949899799599,0,0,300.0,0.011339441880124066,0.15535634592357775,-1.1979484179293203
199,0.005563046092184369,0,0,300.0,0.011229727942769035,0.1554424338213624,-1.205201121095544
200,0.0055911422845691386,0,0,300.0,0.011118472503085914,0.15552569056203458,-1.212465762789416
201,0.005619238476953908,0,0,300.0,0.011005861655715734,0.15560558346944683,-1.2197420113603794
202,0.005647334669338678,0,0,300.0,0.010892118249902794,0.15568115305093447,-1.2270303232930988
203,0.005675430861723447,0,0,300.0,0.010777646838611979,0.15575511038513867,-1.234330202420222
204,0.005703527054108217,0,0,300.0,0.010661203969232872,0.15582398596569735,-1.241640306047504
205,0.005731623246492986,0,0,300.0,0.010543728998295919,0.1558896620857377,-1.2489611682155937
206,0.005759719438877755,0,0,300.0,0.010426055733367036,0.15595275269623346,-1.2562919272672106
207,0.005787815631262525,0,0,300.0,0.010308050403180204,0.1560124351034104,-1.2636329607115737
208,0.0058159118236472945,0,0,300.0,0.010187463571500938,0.15606882132560468,-1.27098340636311
209,0.005844008016032064,0,0,300.0,0.010066530435152078,0.15612250487123525,-1.2783445798348563
210,0.005872104208416834,0,0,300.0,0.009945248245008663,0.15617227689553778,-1.2857132650590835
211,0.005900200400801603,0,0,300.0,0.00982192537555179,0.15621999054829902,-1.2930914580587567
212,0.005928296593186373,0,0,300.0,0.009698656426906052,0.15626424565638447,-1.3004789882044838
213,0.0059563927855711424,0,0,300.0,0.00957407960154358,0.15630597035088892,-1.3078747542754405
214,0.005984488977955912,0,0,300.0,0.009448908219036333,0.15634395626488698,-1.315278916129793
215,0.006012585170340682,0,0,300.0,0.009322002566506882,0.15638004674243916,-1.322691054449165
216,0.006040681362725451,0,0,300.0,0.009194316001154335,0.15641313444114543,-1.3301122522198012
217,0.006068777555110221,0,0,300.0,0.009065798916218214,0.15644254038266753,-1.337540015366175
218,0.0060968737474949904,0,0,300.0,0.00893641372614562,0.15646939127919599,-1.3449769170574655
219,0.00612496993987976,0,0,300.0,0.008806151550600074,0.15649425461367827,-1.3524203092452278
220,0.006153066132264529,0,0,300.0,0.008675098432869127,0.15651666917935894,-1.3598728346133104
221,0.006181162324649298,0,0,300.0,0.008543663584675077,0.15653619857072013,-1.367332282659489
222,0.006209258517034068,0,0,300.0,0.00841169684275525,0.15655384303488307,-1.374799191125323
223,0.0062373547094188376,0,0,300.0,0.008278995255369124,0.1565702557578829,-1.3822728870752663
224,0.006265450901803607,0,0,300.0,0.008145531177896046,0.15658292419279662,-1.3897540029438344
225,0.006293547094188377,0,0,300.0,0.008011577771150457,0.15659487105706768,-1.3972420217301738
226,0.006321643286573146,0,0,300.0,0.007876222120229877,0.15660295453105755,-1.4047360431431437
227,0.006349739478957916,0,0,300.0,0.007740341337259743,0.15660966840333368,-1.4122377415770684
228,0.0063778356713426855,0,0,300.0,0.007605476878627215,0.15661455808500527,-1.4197458666880907
229,0.006405931863727455,0,0,300.0,0.0074697064106572664,0.15661459229010893,-1.4272542070167342
230,0.006434028056112225,0,0,300.0,0.007334191686112927,0.15660556751940263,-1.434759555147845
231,0.006462124248496994,0,0,300.0,0.007196864711243876,0.15658956599422846,-1.4422665806725363
232,0.006490220440881764,0,0,300.0,0.007059492141239403,0.1565689945115708,-1.4497755572292585
233,0.0065183166332665335,0,0,300.0,0.006922699137319537,0.15654302659370933,-1.4572870593898402
234,0.006546412825651303,0,0,300.0,0.006781671980976263,0.15651362094152305,-1.4647857191336475
235,0.006574509018036072,0,0,300.0,0.006641986427359012,0.15648983789345478,-1.4722846983331552
236,0.0066026052104208414,0,0,300.0,0.0065017944870457605,0.15646678118523027,-1.479784365919691
237,0.006630701402805611,0,0,300.0,0.006361135771116967,0.15644297671006763,-1.487282487833043
238,0.006658797595190381,0,0,300.0,0.006220059786830366,0.1564162483101107,-1.4947793149199922
239,0.00668689378757515,0,0,300.0,0.006079007957322428,0.15638913829585147,-1.5022791360563996
240,0.00671498997995992,0,0,300.0,0.00593832317987027,0.15636078330249115,-1.509781185946132
241,0.006743086172344689,0,0,300.0,0.00579757879855805,0.15633054635941587,-1.5172865704983667
242,0.006771182364729459,0,0,300.0,0.005653778848523949,0.1562914537394597,-1.524799760101169
243,0.006799278557114229,0,0,300.0,0.005524095831398167,0.1562403407980389,-1.532321880028139
244,0.006827374749498998,0,0,300.0,0.0053966152732110115,0.15618769887913844,-1.5398502298076169
245,0.006855470941883768,0,0,300.0,0.005270670318621508,0.15613318118414213,-1.5473857497506496
246,0.006883567134268537,0,0,300.0,0.005146405773392427,0.15607855917638017,-1.5549264817539201
247,0.006911663326653307,0,0,300.0,0.0050241599660221185,0.15602475201246757,-1.5624743363308946
248,0.006939759519038077,0,0,300.0,0.004900381906182165,0.15596836196326944,-1.5700269966161602
249,0.006967855711422846,0,0,300.0,0.004777363227810252,0.15591241746184487,-1.5775850254698263
250,0.006995951903807615,0,0,300.0,0.004654019221149912,0.15585440961077104,-1.5851483609606034
251,0.0070240480961923845,0,0,300.0,0.0045284276298467145,0.1557924541854759,-1.5927159453327822
252,0.007052144288577154,0,0,300.0,0.0044010254226235015,0.15572848139125034,-1.6002884993034432
253,0.007080240480961924,0,0,300.0,0.004272642708233359,0.15566688204273843,-1.6078708594965851
254,0.007108336673346693,0,0,300.0,0.004141521105720038,0.1555990658145721,-1.6154676991614465
255,0.007136432865731463,0,0,300.0,0.004003246704422132,0.15553573350588068,-1.6230653677068068
256,0.0071645290581162325,0,0,300.0,0.0038559349564808443,0.15548035136398494,-1.6306670530564138
257,0.007192625250501002,0,0,300.0,0.0037076755916316912,0.15542706689590632,-1.6382756720985807
258,0.007220721442885772,0,0,300.0,0.0035588381955545963,0.1553739174116959,-1.6458888003244991
259,0.007248817635270541,0,0,300.0,0.003409920933955288,0.1553202516839385,-1.653508122992654
260,0.007276913827655311,0,0,300.0,0.0032593862528969807,0.1552655080066749,-1.6611361711319814
261,0.0073050100200400805,0,0,300.0,0.0031102262068975614,0.15521587812730586,-1.668765040418861
262,0.00733310621242485,0,0,300.0,0.0029621038816837137,0.1551646205716413,-1.6763970635819878
263,0.00736120240480962,0,0,300.0,0.0028135547218687477,0.1551136978336502,-1.6840285941099082
264,0.007389298597194389,0,0,300.0,0.0026648045355408207,0.15506376937174465,-1.6916598717556386
265,0.007417394789579158,0,0,300.0,0.0025169928062200243,0.1550153341293297,-1.6992921659978353
266,0.007445490981963928,0,0,300.0,0.002370050442282487,0.1549679238116538,-1.7069265718822562
267,0.007473587174348697,0,0,300.0,0.0022234491458700168,0.15491912330950672,-1.7145607287193476
268,0.007501683366733467,0,0,300.0,0.002076913318961434,0.15486977959448373,-1.7221933415715098
269,0.007529779559118236,0,0,300.0,0.0019306428874580526,0.15482294740341515,-1.7298259310052724
270,0.007557875751503006,0,0,300.0,0.0017835805684089153,0.15477566752098296,-1.7374604277263248
271,0.007585971943887776,0,0,300.0,0.001637475088120926,0.15472965556947257,-1.745093657281882
272,0.007614068136272545,0,0,300.0,0.0014912708302388254,0.15468344613521948,-1.7527281895329807
273,0.007642164328657315,0,0,300.0,0.0013456357131240609,0.1546377430008331,-1.7603618432964077
274,0.007670260521042084,0,0,300.0,0.0011997605920164424,0.1545919558657652,-1.7679953466661529
275,0.007698356713426854,0,0,300.0,0.0010551207193711426,0.1545472081108187,-1.7756302565697624
276,0.007726452905811624,0,0,300.0,0.0009093901877349673,0.15450135289142947,-1.783265795151688
277,0.007754549098196393,0,0,300.0,0.0007642588449198868,0.1544567114788153,-1.7908999149082565
278,0.007782645290581163,0,0,300.0,0.0006191563466682836,0.15441197626418166,-1.7985351422151459
279,0.007810741482965932,0,0,300.0,0.0004741357743243597,0.1543702222367314,-1.8061719253864132
280,0.007838837675350702,0,0,300.0,0.0003307904832421542,0.15432525230955832,-1.8138091205945146
281,0.007866933867735472,0,0,300.0,0.0001874048292259687,0.1542821725566743,-1.8214462962506939
282,0.007895030060120241,0,0,300.0,4.425784069892913e-05,0.15423780248394503,-1.8290836965420822
283,0.00792312625250501,0,0,300.0,-9.983179282835409e-05,0.15419359704797228,-1.8367222958408809
284,0.00795122244488978,0,0,300.0,-0.000243097197694496,0.1541516371766885,-1.84436167521154
285,0.00797931863727455,0,0,300.0,-0.00038567223618020207,0.15410799579403273,-1.852003318989517
286,0.00800741482965932,0,0,300.0,-0.0005184904507562927,0.15405064031706894,-1.8596432099037918
287,0.00803551102204409,0,0,300.0,-0.0006491890797002924,0.15396427019290257,-1.8672832657275384
288,0.008063607214428857,0,0,300.0,-0.0007774680854011642,0.15386996778728634,-1.874924938588584
289,0.008091703406813627,0,0,300.0,-0.0009040882029567001,0.15377066714774756,-1.8825662419345937
290,0.008119799599198396,0,0,300.0,-0.0010282957897826748,0.15367056397899528,-1.8902094020087794
291,0.008147895791583166,0,0,300.0,-0.0011509900639601973,0.15356642839676585,-1.8978528670160195
292,0.008175991983967935,0,0,300.0,-0.001272415112823886,0.1534581758834227,-1.9054978940146194
293,0.008204088176352705,0,0,300.0,-0.001392406785303944,0.15335039280410304,-1.913142660988893
294,0.008232184368737475,0,0,300.0,-0.0015117777307082356,0.15323925722512366,-1.9207895601346796
295,0.008260280561122244,0,0,300.0,-0.0016311575190676032,0.15312770009780227,-1.928436930477418
296,0.008288376753507014,0,0,300.0,-0.0017481195262630536,0.15301448677405502,-1.9360853106500269
297,0.008316472945891783,0,0,300.0,-0.001863765497986119,0.15290242593132083,-1.9437340145348432
298,0.008344569138276553,0,0,300.0,-0.0019752413182347866,0.15278837686804508,-1.951383612781552
299,0.008372665330661323,0,0,300.0,-0.002084525689309615,0.15267368185768934,-1.9590364225397283
300,0.008400761523046092,0,0,300.0,-0.002196083386437639,0.15256097282606054,-1.9666877102621243
301,0.008428857715430862,0,0,300.0,-0.0023055415424585207,0.15244666260528766,-1.9743407106727693
302,0.008456953907815631,0,0,300.0,-0.002414342039646975,0.1523306736268645,-1.9819951065367434
303,0.008485050100200401,0,0,300.0,-0.002522156439613063,0.15221619333457634,-1.9896501460028035
304,0.00851314629258517,0,0,300.0,-0.0026291018814123567,0.15210143999821227,-1.9973071259014663
305,0.00854124248496994,0,0,300.0,-0.002735763893136781,0.1519863087314314,-2.0049647484906084
306,0.00856933867735471,0,0,300.0,-0.002840269674339478,0.15187101729798724,-2.01262432649136
307,0.00859743486973948,0,0,300.0,-0.0029451756612148506,0.1517555220161133,-2.020284924863409
308,0.008625531062124249,0,0,300.0,-0.0030478478419506843,0.15164169856033782,-2.0279469430947525
309,0.008653627254509019,0,0,300.0,-0.0031517473267866796,0.1515282281368584,-2.035609636736896
310,0.008681723446893788,0,0,300.0,-0.003255447473005379,0.15141430604228637,-2.04327586401377
311,0.008709819639278558,0,0,300.0,-0.0033565915326019286,0.15130187570955433,-2.0509417618516452
312,0.008737915831663327,0,0,300.0,-0.003458315509178597,0.15119014154930516,-2.0586083812883946
313,0.008766012024048097,0,0,300.0,-0.0035602571359426064,0.15108299538246686,-2.0662765469740574
314,0.008794108216432867,0,0,300.0,-0.0036641173846444167,0.15098065287564577,-2.073945784309817
315,0.008822204408817636,0,0,300.0,-0.003768849308491294,0.15088245604945758,-2.081617354261591
316,0.008850300601202406,0,0,300.0,-0.003875218634857637,0.15078888334479176,-2.0892877842895006
317,0.008878396793587175,0,0,300.0,-0.003983855263613519,0.15070102175101077,-2.0969579990838643
318,0.008906492985971943,0,0,300.0,-0.004095308383819557,0.1506165808433497,-2.1046264286034457
319,0.008934589178356713,0,0,300.0,-0.0042098010512505455,0.1505380365020446,-2.112296854480783
320,0.008962685370741482,0,0,300.0,-0.0043248413784147885,0.15046462909630354,-2.1199669733089204
321,0.008990781563126252,0,0,300.0,-0.0044402337667960355,0.15039769563219038,-2.127639615003822
322,0.009018877755511022,0,0,300.0,-0.00455499211841088,0.15033764048374107,-2.135309002850237
323,0.009046973947895791,0,0,300.0,-0.004672530053289211,0.15028495523165972,-2.1429820768180763
324,0.00907507014028056,0,0,300.0,-0.004795027340414883,0.15023939716118762,-2.1506568246890767
325,0.00910316633266533,0,0,300.0,-0.0049199493271734444,0.15019869946271125,-2.158334266023505
326,0.0091312625250501,0,0,300.0,-0.005029341979440431,0.15017963897961825,-2.1659879636262978
327,0.00915935871743487,0,0,300.0,-0.005150400949628599,0.15018465065680928,-2.17362463227053
328,0.00918745490981964,0,0,300.0,-0.005272726628518848,0.15020662557041628,-2.181249605306001
329,0.009215551102204409,0,0,300.0,-0.005396245610202192,0.1502434813572841,-2.1888664630307773
330,0.009243647294589178,0,0,300.0,-0.005523351841236884,0.15029215174743604,-2.1964794233680482
331,0.009271743486973948,0,0,300.0,-0.0056452661782599965,0.15036029499443396,-2.2040923041143152
332,0.009299839679358718,0,0,300.0,-0.005767866119170149,0.15043639414706736,-2.211699519823902
333,0.009327935871743487,0,0,300.0,-0.005894252314066096,0.15051722876468257,-2.2193086908917086
334,0.009356032064128257,0,0,300.0,-0.0060199891855629685,0.1506036445720693,-2.2269189920548893
335,0.009384128256513026,0,0,300.0,-0.006147915992687533,0.15069589749495413,-2.2345295262226506
336,0.009412224448897796,0,0,300.0,-0.006277196399165536,0.15079377005957037,-2.242142170279776
337,0.009440320641282566,0,0,300.0,-0.006409365373664134,0.1508960320887301,-2.2497551405095897
338,0.009468416833667335,0,0,300.0,-0.006541485109622556,0.1510033457149362,-2.2573691622915053
339,0.009496513026052105,0,0,300.0,-0.006674606559225973,0.15111336220766317,-2.2649838711268093
340,0.009524609218436874,0,0,300.0,-0.0068105604396596214,0.15122813574015032,-2.272601025365357
341,0.009552705410821644,0,0,300.0,-0.0069476897910582276,0.15134773258700368,-2.2802169650228725
342,0.009580801603206414,0,0,300.0,-0.0070862280796709564,0.15146977694925215,-2.2878346070296405
343,0.009608897795591183,0,0,300.0,-0.00722522435364505,0.15159477908553243,-2.2954530498930836
344,0.009636993987975953,0,0,300.0,-0.007367740714861709,0.15172337271240216,-2.3030689562293545
345,0.009665090180360722,0,0,300.0,-0.007508326454454304,0.15186618837980959,-2.3106827592738433
346,0.009693186372745492,0,0,300.0,-0.0076516381780987125,0.1520176827549977,-2.318279032959818
347,0.009721282565130262,0,0,300.0,-0.007793580957999019,0.15217680079337925,-2.325858167113181
348,0.00974937875751503,0,0,300.0,-0.007938080445430198,0.15237154538995132,-2.3334095151786167
349,0.009777474949899799,0,0,300.0,-0.008081568682429568,0.1525786044103608,-2.340945419089761
350,0.009805571142284569,0,0,300.0,-0.008227943168055632,0.15278884389644906,-2.3484724831264665
351,0.009833667334669338,0,0,300.0,-0.008374071314818371,0.15300147611005513,-2.35599243952617
352,0.009861763527054108,0,0,300.0,-0.008520691606896892,0.1532141504594668,-2.363501626511418
353,0.009889859719438877,0,0,300.0,-0.008668246704296795,0.15342817854911645,-2.371005209655282
354,0.009917955911823647,0,0,300.0,-0.008814984920621593,0.1536398485629367,-2.378501232241185
355,0.009946052104208417,0,0,300.0,-0.008962409363680441,0.15385236202623287,-2.385993705140343
356,0.009974148296593186,0,0,300.0,-0.009109617412178025,0.15406452291405512,-2.393479881417902
357,0.010002244488977956,0,0,300.0,-0.009255965841389272,0.1542742581404355,-2.400961539900776
358,0.010030340681362725,0,0,300.0,-0.009403789645864977,0.1544832856756809,-2.4084385162274238
359,0.010058436873747495,0,0,300.0,-0.009554466536205806,0.15469931372722176,-2.4159077100129482
360,0.010086533066132265,0,0,300.0,-0.00970828994478758,0.15491752625547534,-2.4233712412671577
361,0.010114629258517034,0,0,300.0,-0.009862717318420845,0.1551391506723855,-2.4308276476530812
362,0.010142725450901804,0,0,300.0,-0.010018928006680633,0.15536021971258152,-2.438278139278963
363,0.010170821643286573,0,0,300.0,-0.010176444159123194,0.1555855275577859,-2.445722307224097
364,0.010198917835671343,0,0,300.0,-0.010336025939178461,0.15580967496519194,-2.4531599302660942
365,0.010227014028056113,0,0,300.0,-0.010487864581692923,0.15603870764950326,-2.460586578390837
366,0.010255110220440882,0,0,300.0,-0.01063653806655845,0.15627495393690516,-2.468004076470128
367,0.010283206412825652,0,0,300.0,-0.010778064284002086,0.15651824450218632,-2.4754066720503505
368,0.010311302605210421,0,0,300.0,-0.010916610001177253,0.15676547404343955,-2.482789611893847
369,0.010339398797595191,0,0,300.0,-0.011052597914649584,0.15701989137091166,-2.4901569382543167
370,0.01036749498997996,0,0,300.0,-0.011183778010188593,0.1572834593268208,-2.497513907705378
371,0.01039559118236473,0,0,300.0,-0.011309433991928209,0.15754333661598016,-2.504868415615546
372,0.0104236873747495,0,0,300.0,-0.011437109115319614,0.1578060800149255,-2.512222155353456
373,0.01045178356713427,0,0,300.0,-0.011562408898177667,0.15806172466268806,-2.519560980601064
374,0.010479879759519039,0,0,300.0,-0.011683117055123442,0.15830934455364384,-2.5268984310544003
375,0.010507975951903809,0,0,300.0,-0.0118027118464145,0.15855247474556067,-2.5342333101938914
376,0.010536072144288578,0,0,300.0,-0.011917768082406776,0.15879030043366682,-2.541566919893905
377,0.010564168336673348,0,0,300.0,-0.012029685063458882,0.15901849905101054,-2.548903237081545
378,0.010592264529058116,0,0,300.0,-0.01213940524971205,0.15924706480212544,-2.556235764656695
379,0.010620360721442885,0,0,300.0,-0.012248676229443013,0.15946152754570234,-2.5635702127767943
380,0.010648456913827655,0,0,300.0,-0.012350179077580127,0.15966592722038078,-2.570902158059211
381,0.010676553106212424,0,0,300.0,-0.012452737061013547,0.15986441721463437,-2.5782342974895536
382,0.010704649298597194,0,0,300.0,-0.01255553683799902,0.1600504523313589,-2.5855690103708344
383,0.010732745490981964,0,0,300.0,-0.012657255551864314,0.16022364888403742,-2.5929072374040176
384,0.010760841683366733,0,0,300.0,-0.012758096834349924,0.16038962158354778,-2.600250222948526
385,0.010788937875751503,0,0,300.0,-0.01285968906758818,0.16054336946308248,-2.6075894454917257
386,0.010817034068136272,0,0,300.0,-0.012986600793766507,0.16072395764886718,-2.614909614343036
387,0.010845130260521042,0,0,300.0,-0.013122168042602621,0.16091809772203164,-2.6222206558609855
388,0.010873226452905812,0,0,300.0,-0.013265349761216728,0.16112151696865154,-2.6295103195203846
389,0.010901322645290581,0,0,300.0,-0.013418617344884993,0.16133470071393133,-2.6367853210665646
390,0.01092941883767535,0,0,300.0,-0.013573112031606669,0.161602571257292,-2.6440217683110614
391,0.01095751503006012,0,0,300.0,-0.013749063989606862,0.1619301950265639,-2.6511928769559665
392,0.01098561122244489,0,0,300.0,-0.013942884242569498,0.16227082571616935,-2.658336344965495
393,0.01101370741482966,0,0,300.0,-0.014143799774359155,0.16261626034846896,-2.6654507569743457
394,0.011041803607214429,0,0,300.0,-0.014345913195867687,0.16296671550284447,-2.6725424012702104
395,0.011069899799599199,0,0,300.0,-0.014557664201010883,0.1633009395173268,-2.6796161134607774
396,0.011097995991983968,0,0,300.0,-0.01477851971850161,0.16368444718301603,-2.6866187521277443
397,0.011126092184368738,0,0,300.0,-0.015026186203471287,0.16408836822433362,-2.6935757160280835
398,0.011154188376753508,0,0,300.0,-0.015279554449162411,0.16449775356853594,-2.700500328976807
399,0.011182284569138277,0,0,300.0,-0.015537418241406973,0.16490244922661765,-2.707402708817932
400,0.011210380761523047,0,0,300.0,-0.01580317243712014,0.16529467786858362,-2.7142767783749813
401,0.011238476953907816,0,0,300.0,-0.016071104697299946,0.16568077979022824,-2.7211301271771506
402,0.011266573146292586,0,0,300.0,-0.016347701577056315,0.16605288793983966,-2.7279621882329446
403,0.011294669338677355,0,0,300.0,-0.016616388599059746,0.16639725997702806,-2.734775731296628
404,0.011322765531062125,0,0,300.0,-0.016880493734672715,0.1667195880890602,-2.741577689026265
405,0.011350861723446895,0,0,300.0,-0.017143368038971058,0.1670109781479764,-2.748363089342246
406,0.011378957915831664,0,0,300.0,-0.017402944548257037,0.1672719690783686,-2.755138165788025
407,0.011407054108216434,0,0,300.0,-0.017658543706800964,0.16750329403797592,-2.761900199466332
408,0.011435150300601202,0,0,300.0,-0.01790912864314303,0.1677001890235185,-2.7686515918311128
409,0.011463246492985971,0,0,300.0,-0.018156416009429875,0.16786534916775075,-2.7753919908403777
410,0.011491342685370741,0,0,300.0,-0.018399522767231658,0.16799358151485713,-2.782121857759985
411,0.01151943887775551,0,0,300.0,-0.01863653149870224,0.16808621615887562,-2.788840898843796
412,0.01154753507014028,0,0,300.0,-0.018872045348132995,0.1681440236141753,-2.795554195952536
413,0.01157563126252505,0,0,300.0,-0.019099563849384403,0.1681647016336783,-2.802255848367858
414,0.01160372745490982,0,0,300.0,-0.019327880942608993,0.16814382764313388,-2.808951311488233
415,0.011631823647294589,0,0,300.0,-0.019547832768084132,0.16808160972261427,-2.8156414733322355
416,0.011659919839679359,0,0,300.0,-0.01976050733367917,0.16798599954578758,-2.8223132709358896
417,0.011688016032064128,0,0,300.0,-0.01997207118457334,0.16785313579654149,-2.8289773308173447
418,0.011716112224448898,0,0,300.0,-0.020176785149063965,0.16767666161549738,-2.835626959303434
419,0.011744208416833667,0,0,300.0,-0.020379246965101697,0.16745932101820601,-2.8422673418506745
420,0.011772304609218437,0,0,300.0,-0.020575879275607528,0.1671974876065077,-2.8488957958091343
421,0.011800400801603207,0,0,300.0,-0.020768697452822334,0.1668928625652701,-2.8555153374548485
422,0.011828496993987976,0,0,300.0,-0.02095607228018448,0.16654569354165408,-2.8621188390632066
423,0.011856593186372746,0,0,300.0,-0.021138043805316184,0.16616168989994434,-2.868709470259749
424,0.011884689378757515,0,0,300.0,-0.02131882099594548,0.16572790796135922,-2.8752861987172955
425,0.011912785571142285,0,0,300.0,-0.021498529719223388,0.1652474075246443,-2.881859989847859
426,0.011940881763527054,0,0,300.0,-0.02167503052045876,0.16471564895808052,-2.88842050959849
427,0.011968977955911824,0,0,300.0,-0.02184338924848862,0.16414379738183957,-2.8949748771661463
428,0.011997074148296594,0,0,300.0,-0.022011975822767302,0.1635221143161322,-2.9015176538405685
429,0.012025170340681363,0,0,300.0,-0.02217551307365716,0.16284086437452117,-2.908031352062818
430,0.012053266533066133,0,0,300.0,-0.02233608932637405,0.16210005534953587,-2.91451321253473
431,0.012081362725450902,0,0,300.0,-0.022495332283700712,0.1612984665280307,-2.9209695921029892
432,0.012109458917835672,0,0,300.0,-0.022645493737562177,0.16043574604093366,-2.927378617901995
433,0.012137555110220442,0,0,300.0,-0.02279079996361555,0.15951387051474245,-2.933761849293228
434,0.012165651302605211,0,0,300.0,-0.022944944251587232,0.15851815259086238,-2.9401305053381197
435,0.012193747494989981,0,0,300.0,-0.023087314070413666,0.15745666809973427,-2.9465022005960173
436,0.01222184368737475,0,0,300.0,-0.02322450388033725,0.15633193531366524,-2.9528608267589678
437,0.01224993987975952,0,0,300.0,-0.023356862826376102,0.15513906141836858,-2.959210088650995
438,0.012278036072144288,0,0,300.0,-0.023483010764619047,0.15387665484978125,-2.965555466990849
439,0.012306132264529058,0,0,300.0,-0.023603854892272336,0.15254705465408872,-2.9718981989514504
440,0.012334228456913827,0,0,300.0,-0.02371960445106194,0.15114614355345166,-2.9782353539293798
441,0.012362324649298597,0,0,300.0,-0.0238291330504523,0.14967132988745582,-2.9845723794362504
442,0.012390420841683366,0,0,300.0,-0.023934887862456095,0.14813034881291895,-2.990907492783024
443,0.012418517034068136,0,0,300.0,-0.024027149729197787,0.14651708978332545,-2.9972470600401913
444,0.012446613226452906,0,0,300.0,-0.024120142107038136,0.14482644804451797,-3.003588646304589
445,0.012474709418837675,0,0,300.0,-0.024204979488529257,0.14305282760235397,-3.009900816340134
446,0.012502805611222445,0,0,300.0,-0.024283832124924465,0.14117625376016252,-3.016187085550491
447,0.012530901803607214,0,0,300.0,-0.024353621345149894,0.13920843787020992,-3.022458743916828
448,0.012558997995991984,0,0,300.0,-0.024417851154381384,0.13714904170880915,-3.028727143366728
449,0.012587094188376753,0,0,300.0,-0.024478060708808713,0.1350073681155527,-3.0349999567299424
450,0.012615190380761523,0,0,300.0,-0.024527768599812115,0.13277481948189732,-3.0412729042386464
451,0.012643286573146293,0,0,300.0,-0.024576859738526347,0.13045806747013006,-3.0475509151954427
452,0.012671382765531062,0,0,300.0,-0.02461182237736436,0.12805681365705626,-3.053838362282365
453,0.012699478957915832,0,0,300.0,-0.024633663318915488,0.12556389953246827,-3.0601307665984048
454,0.012727575150300601,0,0,300.0,-0.024651194475524368,0.12298423907119357,-3.066424250111904
455,0.012755671342685371,0,0,300.0,-0.02466280183620163,0.12031477513729694,-3.0727277613256785
456,0.01278376753507014,0,0,300.0,-0.02466604248449043,0.11755491653368177,-3.0790406225319775
457,0.01281186372745491,0,0,300.0,-0.02465766332746705,0.11470447354378122,-3.085362898967468
458,0.01283995991983968,0,0,300.0,-0.024642356119238686,0.11176340206992282,-3.0916982730881597
459,0.01286805611222445,0,0,300.0,-0.024607082067723163,0.10872029395911942,-3.098050008799762
460,0.012896152304609219,0,0,300.0,-0.024536253150462924,0.10555230333170951,-3.1043915792663945
461,0.012924248496993989,0,0,300.0,-0.024447469816900033,0.10227629307020024,-3.1107389541444683
462,0.012952344689378758,0,0,300.0,-0.024335283325634154,0.0989007199418239,-3.1171021466246605
463,0.012980440881763528,0,0,300.0,-0.02419241061281963,0.09540838051693744,-3.1234801343868037
464,0.013008537074148297,0,0,300.0,-0.024026419924367885,0.09181125632798824,-3.1298688948181628
465,0.013036633266533067,0,0,300.0,-0.023843999947892037,0.08811036760366352,-3.136282944529641
466,0.013064729458917837,0,0,300.0,-0.02364528751341419,0.08430098153310282,-3.1427165334713236
467,0.013092825651302606,0,0,300.0,-0.023442521633766908,0.08038733495794606,-3.1491625888975605
468,0.013120921843687374,0,0,300.0,-0.023219767049199744,0.07636917444824327,-3.1556397695829195
469,0.013149018036072144,0,0,300.0,-0.022987270624263773,0.07225201924560769,-3.162136909990111
470,0.013177114228456913,0,0,300.0,-0.02274231433168974,0.0680397620787461,-3.1686577091692008
471,0.013205210420841683,0,0,300.0,-0.02249182890792221,0.06371768985366752,-3.1752027312465017
472,0.013233306613226452,0,0,300.0,-0.022241156044909397,0.059275584965461946,-3.181775594074732
473,0.013261402805611222,0,0,300.0,-0.021980239391805156,0.05471175334288897,-3.188352052363667
474,0.013289498997995992,0,0,300.0,-0.021705554730170627,0.050052090359815,-3.194961944764547
475,0.013317595190380761,0,0,300.0,-0.02142241469508915,0.04529512136817295,-3.2016088680097656
476,0.013345691382765531,0,0,300.0,-0.021123158374862828,0.04044013422932606,-3.208293685988498
477,0.0133737875751503,0,0,300.0,-0.020810302191661727,0.03548154659797655,-3.215015595119843
478,0.01340188376753507,0,0,300.0,-0.02048498098297244,0.030431328165041634,-3.2217776858554776
479,0.01342997995991984,0,0,300.0,-0.02014669034039039,0.02528063129760644,-3.2285813351977133
480,0.01345807615230461,0,0,300.0,-0.01979609205680422,0.020042335573574134,-3.2354306614173907
481,0.013486172344689379,0,0,300.0,-0.01942937452723485,0.014704242939213182,-3.2423188526274265
482,0.013514268537074148,0,0,300.0,-0.01904561417028292,0.009271539369201718,-3.2492449132061876
483,0.013542364729458918,0,0,300.0,-0.01865584742186486,0.0037458918026423583,-3.256211708607587
484,0.013570460921843688,0,0,300.0,-0.01824875728021374,-0.0018762755303869411,-3.2632237578219834
485,0.013598557114228457,0,0,300.0,-0.01783265676059489,-0.0075917467125358835,-3.270280627834891
486,0.013626653306613227,0,0,300.0,-0.017393931135134596,-0.013433342059079593,-3.277381296380842
487,0.013654749498997996,0,0,300.0,-0.016930675972242754,-0.019396698585621527,-3.2845414528597034
488,0.013682845691382766,0,0,300.0,-0.01644974146730798,-0.025481743856710034,-3.2917495861747343
489,0.013710941883767536,0,0,300.0,-0.01592254147926886,-0.03172157961792954,-3.299006268854033
490,0.013739038076152305,0,0,300.0,-0.015301908885546596,-0.0382086686885797,-3.306316734331145
491,0.013767134268537075,0,0,300.0,-0.01462682099582118,-0.04487767992467891,-3.3136639103974113
492,0.013795230460921844,0,0,300.0,-0.013906350725079548,-0.05173258688855633,-3.3210892484581542
493,0.013823326653306614,0,0,300.0,-0.013132153272544399,-0.05882362857253949,-3.328549110723433
494,0.013851422845691384,0,0,300.0,-0.01231906484669015,-0.06610003995303493,-3.3360629833678237
495,0.013879519038076153,0,0,300.0,-0.011476777339216027,-0.07355358889168039,-3.343643808397049
496,0.013907615230460923,0,0,300.0,-0.010606897929722262,-0.08114763703361427,-3.3512952233073974
497,0.013935711422845692,0,0,300.0,-0.009724069839712001,-0.08888736328869593,-3.3590188371800185
498,0.01396380761523046,0,0,300.0,-0.008813784084769325,-0.09676241487459217,-3.3668214212183454
499,0.01399190380761523,0,0,300.0,-0.007887060034510828,-0.10479710386759016,-3.3746949871044634
500,0.01402,0,0,300.0,-0.006932645610628902,-0.11301248695842107,-3.3826373954458986
501,0.014048096192384769,0,0,300.0,-0.005959418059179393,-0.12137199922787315,-3.3906662890278176
502,0.014076192384769539,0,0,300.0,-0.0049644805785975755,-0.1298703193682302,-3.3987854508715545
503,0.014104288577154308,0,0,300.0,-0.003955358731352401,-0.1385077781177635,-3.4069972357698806
504,0.014132384769539078,0,0,300.0,-0.0029188498776947292,-0.14731237005925635,-3.4152907934567884
505,0.014160480961923847,0,0,300.0,-0.0018869805151578108,-0.15627199275536957,-3.4236648936458463
506,0.014188577154308617,0,0,300.0,-0.0008413765431510356,-0.16536921217194067,-3.4321192213404244
507,0.014216673346693387,0,0,300.0,0.00020415365345573732,-0.17461095756877582,-3.4406669942577355
508,0.014244769539078156,0,0,300.0,0.0012605414914988867,-0.18398354976211553,-3.4493153837160326
509,0.014272865731462926,0,0,300.0,0.002325093410109358,-0.19349083033189654,-3.4580623717435257
510,0.014300961923847695,0,0,300.0,0.003391714095078154,-0.20311957421615387,-3.466911790212215
511,0.014329058116232465,0,0,300.0,0.004475013253363608,-0.21288925680388285,-3.4758490749748434
512,0.014357154308617235,0,0,300.0,0.0055727674184136555,-0.22278422244371832,-3.4848831918863152
513,0.014385250501002004,0,0,300.0,0.006684918315904466,-0.2328066165467804,-3.4940181479540824
514,0.014413346693386774,0,0,300.0,0.007809207731271539,-0.24294965661058204,-3.5032500415636956
515,0.014441442885771543,0,0,300.0,0.008939423308872449,-0.2532402667653951,-3.512594929590072
516,0.014469539078156313,0,0,300.0,0.01007770086706574,-0.26366439877037506,-3.5220519002169968
517,0.014497635270541083,0,0,300.0,0.011218713541199259,-0.27423301395277666,-3.531615749575206
518,0.014525731462925852,0,0,300.0,0.012362700039046989,-0.28495543185918265,-3.541252640354464
519,0.014553827655310622,0,0,300.0,0.013512955967489823,-0.2958536090874917,-3.5509812739582194
520,0.014581923847695391,0,0,300.0,0.014662367340096256,-0.30690650055491575,-3.560811956184667
521,0.014610020040080161,0,0,300.0,0.01580778240714722,-0.31810488061373954,-3.5707603212583052
522,0.01463811623246493,0,0,300.0,0.01695610584227673,-0.32944271500700356,-3.580828596698932
523,0.0146662124248497,0,0,300.0,0.018105980640831604,-0.3409153880066974,-3.5910184969964605
524,0.01469430861723447,0,0,300.0,0.01926608864223075,-0.352522042158698,-3.60133410571283
525,0.01472240480961924,0,0,300.0,0.020415462383657965,-0.36424950238833403,-3.611778452726858
526,0.014750501002004009,0,0,300.0,0.021572227570829366,-0.3761016247275984,-3.6223472610594207
527,0.014778597194388779,0,0,300.0,0.022739413073269068,-0.38808883745642914,-3.633056671712526
528,0.014806693386773548,0,0,300.0,0.023909371061440716,-0.4002024412520536,-3.6439003446185056
529,0.014834789579158316,0,0,300.0,0.025090439647118684,-0.41244023335048907,-3.6548820142819385
530,0.014862885771543086,0,0,300.0,0.026278374577025775,-0.42481160550721025,-3.666006466015527
531,0.014890981963927855,0,0,300.0,0.027473734150294585,-0.43730290589113724,-3.6772666784108416
532,0.014919078156312625,0,0,300.0,0.02868453234048377,-0.4499168271104622,-3.6886827813759107
533,0.014947174348697394,0,0,300.0,0.029900126931515166,-0.4626381254258647,-3.7002358875230965
534,0.014975270541082164,0,0,300.0,0.031120541841151393,-0.47546618194900897,-3.711952495154628
535,0.015003366733466934,0,0,300.0,0.032354790755886036,-0.4884145308443067,-3.7238232758955547
536,0.015031462925851703,0,0,300.0,0.033593200155390864,-0.5014536127076934,-3.7358437911460314
537,0.015059559118236473,0,0,300.0,0.03484635838526368,-0.514600933623927,-3.7480229840031214
538,0.015087655310621242,0,0,300.0,0.03612037194343446,-0.5278756934493721,-3.760360255840442
539,0.015115751503006012,0,0,300.0,0.03739751883730894,-0.541257917009952,-3.7728548607801784
540,0.015143847695390782,0,0,300.0,0.038687026387393915,-0.5547581278123958,-3.785522669963827
541,0.015171943887775551,0,0,300.0,0.03999003352883436,-0.568381976506777,-3.798359143887605
542,0.01520004008016032,0,0,300.0,0.04130876278929575,-0.582103806156244,-3.811366515891207
543,0.01522813627254509,0,0,300.0,0.042636978815052615,-0.5959211916928152,-3.824537412229871
544,0.01525623246492986,0,0,300.0,0.04397747666918652,-0.6098261803438545,-3.8378849283157512
545,0.01528432865731463,0,0,300.0,0.045325552726979024,-0.6238234512525921,-3.8513920333824445
546,0.0153124248496994,0,0,300.0,0.04668587813932909,-0.6379008089704905,-3.8650768168058245
547,0.015340521042084169,0,0,300.0,0.04805057774172503,-0.6520712487985361,-3.87893178863714
548,0.015368617234468938,0,0,300.0,0.04942999855014088,-0.6663167476823694,-3.8929536196765477
549,0.015396713426853708,0,0,300.0,0.05081721471986182,-0.6806372059780929,-3.9071473023482435
550,0.015424809619238478,0,0,300.0,0.05220272801216554,-0.695038499596811,-3.921522368177659
551,0.015452905811623247,0,0,300.0,0.053593773996851994,-0.7095219306674095,-3.9360792549240204
552,0.015481002004008017,0,0,300.0,0.05499611174746548,-0.7240728749705753,-3.9508231115299184
553,0.015509098196392786,0,0,300.0,0.05640680749210945,-0.7386996115374116,-3.965747918859362
554,0.015537194388777556,0,0,300.0,0.05782249247602418,-0.7534079048417555,-3.980875074715779
555,0.015565290581162326,0,0,300.0,0.05924888812573725,-0.7681969070944085,-3.996194091215597
556,0.015593386773547095,0,0,300.0,0.06068997341606841,-0.7830598396491573,-4.011711002061753
557,0.015621482965931865,0,0,300.0,0.06213207391725453,-0.797999830829041,-4.027421187246932
558,0.015649579158316634,0,0,300.0,0.06357192878596375,-0.8130352622958879,-4.043333212824238
559,0.015677675350701404,0,0,300.0,0.06500750088974795,-0.8281568443967503,-4.059454143543804
560,0.015705771543086174,0,0,300.0,0.06645437790849207,-0.8433547195828051,-4.0757744439269405
561,0.015733867735470943,0,0,300.0,0.06789670226985901,-0.8586281249919462,-4.092299364552282
562,0.015761963927855713,0,0,300.0,0.06934715081351883,-0.8739669468612474,-4.109023096450004
563,0.015790060120240482,0,0,300.0,0.07080812602516579,-0.8893895142779846,-4.125959952689469
564,0.015818156312625252,0,0,300.0,0.07226961640536206,-0.9048978649804676,-4.1430899814447235
565,0.01584625250501002,0,0,300.0,0.07371285274939081,-0.9205217726229129,-4.160432959522559
566,0.01587434869739479,0,0,300.0,0.07513762143543258,-0.9362584077944894,-4.178053458546859
567,0.01590244488977956,0,0,300.0,0.07655367264063026,-0.952088306157077,-4.195932420680602
568,0.01593054108216433,0,0,300.0,0.07796007973477506,-0.9679894792943823,-4.214035893108681
569,0.0159586372745491,0,0,300.0,0.07936858433035544,-0.9839584625849748,-4.232356916093795
570,0.01598673346693387,0,0,300.0,0.08074944844571079,-1.0000306998652546,-4.250894579042109
571,0.01601482965931864,0,0,300.0,0.08212093551384775,-1.016166848915393,-4.269654128063703
572,0.01604292585170341,0,0,300.0,0.08348083966528724,-1.0323737295078874,-4.288645019329126
573,0.01607102204408818,0,0,300.0,0.0848341025689873,-1.048630093905992,-4.30784926584445
574,0.016099118236472944,0,0,300.0,0.08618552228407139,-1.0649444453737995,-4.327293158825991
575,0.016127214428857714,0,0,300.0,0.08752788369796051,-1.0812932286217807,-4.346965619973514
576,0.016155310621242484,0,0,300.0,0.08887090113581336,-1.0976834083850937,-4.366863948943002
577,0.016183406813627253,0,0,300.0,0.0902018429266136,-1.1141193862621508,-4.386989594869417
578,0.016211503006012023,0,0,300.0,0.09153451953868204,-1.1305791020814806,-4.4073411952911705
579,0.016239599198396792,0,0,300.0,0.09285195228695378,-1.1470754618031143,-4.4279269274227495
580,0.016267695390781562,0,0,300.0,0.09417168546856163,-1.1636100637487827,-4.448739778008807
581,0.01629579158316633,0,0,300.0,0.09547832801805195,-1.180170849602949,-4.469788814757622
582,0.0163238877755511,0,0,300.0,0.09677757372413796,-1.1967770085232805,-4.491067458558202
583,0.01635198396793587,0,0,300.0,0.09806880531119794,-1.213411170049175,-4.512586475243658
584,0.01638008016032064,0,0,300.0,0.09936066463949213,-1.2300607933747565,-4.534339712395404
585,0.01640817635270541,0,0,300.0,0.10063679787268473,-1.2467455416860498,-4.556337424719015
586,0.01643627254509018,0,0,300.0,0.10191835727217442,-1.2634438323730273,-4.578571830905516
587,0.01646436873747495,0,0,300.0,0.103196540280021,-1.280150829537381,-4.601042068768603
588,0.01649246492985972,0,0,300.0,0.10447894403140175,-1.2968918568796877,-4.623721412465089
589,0.01652056112224449,0,0,300.0,0.10576023198641521,-1.3136551316162732,-4.646647831322383
590,0.016548657314629258,0,0,300.0,0.10704880409262474,-1.330424990899565,-4.6698167390643395
591,0.016576753507014028,0,0,300.0,0.10834484298632274,-1.3471913944989853,-4.6932442747108
592,0.016604849699398797,0,0,300.0,0.1096385008159802,-1.3639718024912117,-4.7169123651474365
593,0.016632945891783567,0,0,300.0,0.11092033977155594,-1.3807412581967544,-4.740820632832612
594,0.016661042084168336,0,0,300.0,0.1122052016556799,-1.3975152433715188,-4.764963807190674
595,0.016689138276553106,0,0,300.0,0.11347639464862626,-1.4142792958869377,-4.789329567583654
596,0.016717234468937876,0,0,300.0,0.1147417377945371,-1.4310507822902896,-4.813937603080341
597,0.016745330661322645,0,0,300.0,0.11599980800690053,-1.447824384482786,-4.838794237392048
598,0.016773426853707415,0,0,300.0,0.11725472310485967,-1.464599226666363,-4.8638814666476895
599,0.016801523046092184,0,0,300.0,0.11847837571041686,-1.481354616624536,-4.889221579628357
600,0.016829619238476954,0,0,300.0,0.1196693208880042,-1.4980604232624577,-4.914804082649579
601,0.016857715430861724,0,0,300.0,0.12087405861073593,-1.5147856605843806,-4.940656031193636
602,0.016885811623246493,0,0,300.0,0.12207778544464105,-1.5315096159002386,-4.966742470440574
603,0.016913907815631263,0,0,300.0,0.12327459110308114,-1.5482064609661248,-4.993085465365912
604,0.016942004008016032,0,0,300.0,0.1244572742388166,-1.5648890390078658,-5.019674642720763
605,0.016970100200400802,0,0,300.0,0.12563226039794492,-1.581529157008678,-5.046534456548583
606,0.01699819639278557,0,0,300.0,0.1267820270814535,-1.5981460931053075,-5.073650786214042
607,0.01702629258517034,0,0,300.0,0.12792680770078246,-1.6147135421228271,-5.101025457242164
608,0.01705438877755511,0,0,300.0,0.12905908031818153,-1.63124198356532,-5.128663366411261
609,0.01708248496993988,0,0,300.0,0.13017902558107017,-1.6477222345578548,-5.156596778269127
610,0.01711058116232465,0,0,300.0,0.13129621279886725,-1.6641605788783251,-5.184793518776429
611,0.01713867735470942,0,0,300.0,0.13240244362944958,-1.6805430188009332,-5.213261277589626
612,0.01716677354709419,0,0,300.0,0.13349393043656463,-1.6968728899832455,-5.242003111420469
613,0.01719486973947896,0,0,300.0,0.1345837281390947,-1.7131320860239516,-5.271035032861719
614,0.01722296593186373,0,0,300.0,0.135658203158235,-1.729313889139576,-5.3003593140670064
615,0.017251062124248498,0,0,300.0,0.13672832826193523,-1.745430858161873,-5.3299568627009855
616,0.017279158316633268,0,0,300.0,0.1377949133657243,-1.7614742103849268,-5.359844626213444
617,0.017307254509018037,0,0,300.0,0.13884947959370192,-1.7774329996696936,-5.3900193104513985
618,0.017335350701402807,0,0,300.0,0.13989363694782173,-1.7933217820008445,-5.420499484631333
619,0.017363446893787576,0,0,300.0,0.1409184828958692,-1.8091483976814389,-5.4512683960732815
620,0.017391543086172346,0,0,300.0,0.1419340337904527,-1.8248896362874896,-5.482329751222689
621,0.017419639278557116,0,0,300.0,0.14293763674502644,-1.8405518163319152,-5.513665362774522
622,0.017447735470941885,0,0,300.0,0.14392263880605993,-1.8561334792769084,-5.5452897668621475
623,0.017475831663326655,0,0,300.0,0.14490717744399376,-1.8716324489912854,-5.57719940878597
624,0.017503927855711424,0,0,300.0,0.14587109347202776,-1.887051357344124,-5.609369809943205
625,0.017532024048096194,0,0,300.0,0.1468203829096954,-1.9023888035048018,-5.641828970523056
626,0.017560120240480964,0,0,300.0,0.14776494924405406,-1.9176162353957775,-5.674579779524767
627,0.017588216432865733,0,0,300.0,0.14868954109236643,-1.9327034198596051,-5.707644469089284
628,0.017616312625250503,0,0,300.0,0.14960861729538208,-1.9476688535370865,-5.7410057518207545
629,0.017644408817635272,0,0,300.0,0.1505049886311913,-1.9625261844182846,-5.774646266668175
630,0.017672505010020042,0,0,300.0,0.1513966870736773,-1.9772651207199365,-5.808585647599512
631,0.01770060120240481,0,0,300.0,0.152278281873413,-1.9918980513792341,-5.842824021357641
632,0.01772869739478958,0,0,300.0,0.15315390956874358,-2.0064074778598395,-5.877340539635034
633,0.01775679358717435,0,0,300.0,0.15400190784093143,-2.0207664521060607,-5.912145226992692
634,0.017784889779559117,0,0,300.0,0.15482756203470385,-2.034985536080475,-5.947236021524141
635,0.017812985971943886,0,0,300.0,0.15564796024829253,-2.0490713088334047,-5.982617106595751
636,0.017841082164328656,0,0,300.0,0.15646013617023896,-2.0630169091631188,-6.018283695095901
637,0.017869178356713426,0,0,300.0,0.15725371493573176,-2.0768158671260935,-6.0542339912816505
638,0.017897274549098195,0,0,300.0,0.15803734038945472,-2.0904751851071794,-6.090471076428296
639,0.017925370741482965,0,0,300.0,0.15882896922284345,-2.1039958451171996,-6.127007147730608
640,0.017953466933867734,0,0,300.0,0.15959817904949308,-2.1173962040965812,-6.163869913137854
641,0.017981563126252504,0,0,300.0,0.1603401182043907,-2.1306251505214813,-6.2010538984543455
642,0.018009659318637274,0,0,300.0,0.16105857826496708,-2.1437344735476773,-6.238544773393076
643,0.018037755511022043,0,0,300.0,0.16177074376879153,-2.156704739619774,-6.276343707524428
644,0.018065851703406813,0,0,300.0,0.16244369733867473,-2.1695832416281955,-6.314465915494032
645,0.018093947895791582,0,0,300.0,0.16310313128213058,-2.182328013178824,-6.3528619459235705
646,0.018122044088176352,0,0,300.0,0.1637583411443771,-2.1949214291722536,-6.391544217093188
647,0.01815014028056112,0,0,300.0,0.1644110369489522,-2.2073435564826127,-6.430496276791286
648,0.01817823647294589,0,0,300.0,0.16504272707418297,-2.2195905668795772,-6.469737983182231
649,0.01820633266533066,0,0,300.0,0.16566450178735767,-2.23166715866841,-6.509243327707
650,0.01823442885771543,0,0,300.0,0.16625362296949367,-2.2435709777330777,-6.549033276715845
651,0.0182625250501002,0,0,300.0,0.1668415552762713,-2.2552697132889405,-6.589120827646024
652,0.01829062124248497,0,0,300.0,0.16740430529555556,-2.266798418607076,-6.629532327681503
653,0.01831871743486974,0,0,300.0,0.16794583925219386,-2.278123120263313,-6.670218062602073
654,0.01834681362725451,0,0,300.0,0.1684629319012316,-2.2892752280826745,-6.711200001389064
655,0.01837490981963928,0,0,300.0,0.16896629951782632,-2.3002565165269333,-6.752455467470901
656,0.018403006012024048,0,0,300.0,0.16943685890152713,-2.311051059374854,-6.793993783870517
657,0.018431102204408818,0,0,300.0,0.16989858424195137,-2.321681143168718,-6.835793132200463
658,0.018459198396793587,0,0,300.0,0.1703362235954985,-2.3321283495023355,-6.877858293306908
659,0.018487294589178357,0,0,300.0,0.17076618982866001,-2.342364888881297,-6.9202200722298235
660,0.018515390781563126,0,0,300.0,0.17117839946220392,-2.3524041460635012,-6.9628699821590105
661,0.018543486973947896,0,0,300.0,0.17155940933176714,-2.3622493423098896,-7.005792000510819
662,0.018571583166332666,0,0,300.0,0.17190899458626246,-2.371889124905767,-7.0490089266377955
663,0.018599679358717435,0,0,300.0,0.17224806463476333,-2.381334085671603,-7.092493134856592
664,0.018627775551102205,0,0,300.0,0.17255582675598607,-2.3905822074394565,-7.1362595930081065
665,0.018655871743486974,0,0,300.0,0.17283600871832908,-2.3996385523766994,-7.180309257676648
666,0.018683967935871744,0,0,300.0,0.17308796111706215,-2.408520382596296,-7.224701397095488
667,0.018712064128256514,0,0,300.0,0.17329628407021375,-2.4172194217830967,-7.269401994402895
668,0.018740160320641283,0,0,300.0,0.17348668117530558,-2.4257243437744718,-7.314402935570318
669,0.018768256513026053,0,0,300.0,0.1736510063799638,-2.4340328233536344,-7.359699506738545
670,0.018796352705410822,0,0,300.0,0.17377894933202206,-2.4421544362696186,-7.405304842269095
671,0.018824448897795592,0,0,300.0,0.1738799433214839,-2.4500761471773087,-7.451218549410927
672,0.01885254509018036,0,0,300.0,0.17395082976966358,-2.457794837699488,-7.49743050586526
673,0.01888064128256513,0,0,300.0,0.1739963897709603,-2.4653055800895007,-7.54394630745919
674,0.0189087374749499,0,0,300.0,0.17401545828759954,-2.472620492830258,-7.590735460578624
675,0.01893683366733467,0,0,300.0,0.17400335116834348,-2.4797201846630585,-7.637827725995748
676,0.01896492985971944,0,0,300.0,0.1739730848532001,-2.4866109492328223,-7.68520308197899
677,0.01899302605210421,0,0,300.0,0.17394325148544904,-2.49324307610879,-7.732863595112724
678,0.01902112224448898,0,0,300.0,0.17386148176582095,-2.49964048334378,-7.780857011884671
679,0.01904921843687375,0,0,300.0,0.17376607090666613,-2.5058032527185223,-7.8291816527666995
680,0.01907731462925852,0,0,300.0,0.17363786006974613,-2.511762239448509,-7.877802321025572
681,0.019105410821643288,0,0,300.0,0.17348363110311632,-2.5174864131598795,-7.926709170708907
682,0.019133507014028057,0,0,300.0,0.17330571269869716,-2.523005241276014,-7.975883165860955
683,0.019161603206412827,0,0,300.0,0.17311086136269985,-2.5283223317334524,-8.025310591875831
684,0.019189699398797597,0,0,300.0,0.172908118158263,-2.5334291989757123,-8.074987939225302
685,0.019217795591182366,0,0,300.0,0.1726840176027316,-2.5383353224975154,-8.124902075200803
686,0.019245891783567136,0,0,300.0,0.1724358481732793,-2.543043181142417,-8.175050256626793
687,0.019273987975951905,0,0,300.0,0.17218914541883024,-2.547529483521449,-8.225447616323978
688,0.019302084168336675,0,0,300.0,0.1719102980361162,-2.551806993704996,-8.276101713843468
689,0.019330180360721445,0,0,300.0,0.17161366280372153,-2.5558705124383403,-8.326989218004933
690,0.019358276553106214,0,0,300.0,0.17129245935732815,-2.5596944821485788,-8.378139623272538
691,0.019386372745490984,0,0,300.0,0.17094683124319632,-2.5632819291348388,-8.429525205150771
692,0.019414468937875753,0,0,300.0,0.1705813008312518,-2.5666543920894953,-8.481146847905217
693,0.019442565130260523,0,0,300.0,0.17019623641768664,-2.5697979937517004,-8.533004875094353
694,0.01947066132264529,0,0,300.0,0.16979124075181865,-2.5727182907203807,-8.58509603358547
695,0.01949875751503006,0,0,300.0,0.16935489393683184,-2.575396567629009,-8.637419443755748
696,0.01952685370741483,0,0,300.0,0.16890075178176814,-2.5778252482421493,-8.68999470954906
697,0.019554949899799598,0,0,300.0,0.16841442003435392,-2.5800059219790237,-8.742826814014057
698,0.019583046092184368,0,0,300.0,0.1679116499943315,-2.581930630840644,-8.795877787444745
699,0.019611142284569137,0,0,300.0,0.16737724308737337,-2.5836197755792183,-8.849156676369521
700,0.019639238476953907,0,0,300.0,0.16681013757118585,-2.58506546448228,-8.902658300093872
701,0.019667334669338676,0,0,300.0,0.16621634681955696,-2.5862555485354983,-8.956389961439942
702,0.019695430861723446,0,0,300.0,0.16560287238634674,-2.5871979301583368,-9.010330701518043
703,0.019723527054108216,0,0,300.0,0.16496489005342,-2.5878851474570905,-9.064498773524912
704,0.019751623246492985,0,0,300.0,0.1642940942712504,-2.588333169919698,-9.118905848136244
705,0.019779719438877755,0,0,300.0,0.16360261691421446,-2.5885294697017214,-9.173564053125155
706,0.019807815631262524,0,0,300.0,0.16288736213755922,-2.5884543056589844,-9.228476676747416
707,0.019835911823647294,0,0,300.0,0.16216373828331615,-2.5881359886220143,-9.283614839402075
708,0.019864008016032064,0,0,300.0,0.16140746790925187,-2.5875410245763053,-9.339004988514466
709,0.019892104208416833,0,0,300.0,0.16062048612196161,-2.586661903102732,-9.394629919627253
710,0.019920200400801603,0,0,300.0,0.15981381925728602,-2.5855296582188743,-9.450451274396794
711,0.019948296593186372,0,0,300.0,0.15898309978711755,-2.5841493490462644,-9.50649351347529
712,0.019976392785571142,0,0,300.0,0.15812780586283845,-2.582542451765262,-9.562761032620962
713,0.02000448897795591,0,0,300.0,0.15725157948651813,-2.580636441049563,-9.619289466265993
714,0.02003258517034068,0,0,300.0,0.15634425556022025,-2.5784506980507667,-9.676067479201022
715,0.02006068136272545,0,0,300.0,0.1554069946040268,-2.5759806014082343,-9.7330765899421
716,0.02008877755511022,0,0,300.0,0.1544584684554024,-2.573197347848127,-9.790306096309905
717,0.02011687374749499,0,0,300.0,0.15349556201550632,-2.5701127306349316,-9.84776614366175
718,0.02014496993987976,0,0,300.0,0.1525051417996783,-2.5666784798723614,-9.905415353547076
719,0.02017306613226453,0,0,300.0,0.15147568493494123,-2.562885151551599,-9.963277003878785
720,0.0202011623246493,0,0,300.0,0.15041974160763408,-2.5587776143565626,-10.021304213794414
721,0.02022925851703407,0,0,300.0,0.1493301760383344,-2.554371542773536,-10.079527178431782
722,0.020257354709418838,0,0,300.0,0.14823386364211988,-2.5496591378701465,-10.137917961293669
723,0.020285450901803607,0,0,300.0,0.14710614548731077,-2.5446677892427476,-10.196466629935273
724,0.020313547094188377,0,0,300.0,0.14598663896503877,-2.53940576246098,-10.255148512367981
725,0.020341643286573147,0,0,300.0,0.14483281596075226,-2.53384399266021,-10.313984139345177
726,0.020369739478957916,0,0,300.0,0.1436560981988368,-2.527986524951658,-10.373027389678223
727,0.020397835671342686,0,0,300.0,0.14245944383276543,-2.521872393126891,-10.432221245289234
728,0.020425931863727455,0,0,300.0,0.14125158244033775,-2.515488453820285,-10.491566254137469
729,0.020454028056112225,0,0,300.0,0.14002206296988498,-2.5088384370754024,-10.55105655013746
730,0.020482124248496995,0,0,300.0,0.13878286750599864,-2.501932777628654,-10.610669405759865
731,0.020510220440881764,0,0,300.0,0.13753142973960017,-2.4947439443804345,-10.670431415978536
732,0.020538316633266534,0,0,300.0,0.13624573187104447,-2.4872717907412434,-10.730348238514969
733,0.020566412825651303,0,0,300.0,0.13495713103821663,-2.4795350064850745,-10.790385021815968
734,0.020594509018036073,0,0,300.0,0.13363355991366144,-2.4715305874134232,-10.850571495480464
735,0.020622605210420843,0,0,300.0,0.13231491369218626,-2.463279962030092,-10.91090183569256
736,0.020650701402805612,0,0,300.0,0.13098030935866967,-2.454745940838044,-10.971352600266709
737,0.020678797595190382,0,0,300.0,0.1296109563264012,-2.445946450721107,-11.031970504788045
738,0.02070689378757515,0,0,300.0,0.1282085315008323,-2.436847847500038,-11.092759846845162
739,0.02073498997995992,0,0,300.0,0.1267655722471062,-2.427457975766533,-11.153723517572582
740,0.02076308617234469,0,0,300.0,0.12530600446360762,-2.4177875345937063,-11.214811381143583
741,0.02079118236472946,0,0,300.0,0.12384859719725935,-2.407851766185259,-11.276014326405118
742,0.02081927855711423,0,0,300.0,0.12233809809466367,-2.397633776567495,-11.337320013694946
743,0.020847374749499,0,0,300.0,0.12081284252586998,-2.3871378386302813,-11.398737231045153
744,0.02087547094188377,0,0,300.0,0.11925086148620033,-2.376368896207382,-11.460229228326813
745,0.02090356713426854,0,0,300.0,0.11768714843167215,-2.365342432415091,-11.521833688417308
746,0.020931663326653308,0,0,300.0,0.11606585006606614,-2.3540364832869347,-11.583558949104289
747,0.020959759519038078,0,0,300.0,0.11444292372888118,-2.3424694922188216,-11.645394623950015
748,0.020987855711422847,0,0,300.0,0.11277982026558013,-2.3306446175411457,-11.707339596570375
749,0.021015951903807617,0,0,300.0,0.11111416644278092,-2.3185365929151294,-11.769376072473321
750,0.021044048096192387,0,0,300.0,0.10943974890393675,-2.3061510008860924,-11.831474766801774
751,0.021072144288577156,0,0,300.0,0.10771461469167183,-2.293521074557679,-11.893686850268791
752,0.021100240480961926,0,0,300.0,0.10598220234924625,-2.280635327490171,-11.956027592633118
753,0.021128336673346695,0,0,300.0,0.10425180269443672,-2.2673980112762773,-12.01853662747179
754,0.02115643286573146,0,0,300.0,0.10251747767681471,-2.253872747702039,-12.081152355663884
755,0.02118452905811623,0,0,300.0,0.10078381309543101,-2.2400407198775585,-12.14388331627882
756,0.021212625250501,0,0,300.0,0.09905863496388477,-2.225927802036328,-12.20668218391392
757,0.02124072144288577,0,0,300.0,0.09734346717163883,-2.2115233332752733,-12.269527455917727
758,0.02126881763527054,0,0,300.0,0.09561478643415355,-2.1968226720012645,-12.332401293283288
759,0.02129691382765531,0,0,300.0,0.09388509021561384,-2.181861978598132,-12.39534184581209
760,0.02132501002004008,0,0,300.0,0.09215614849385126,-2.1666292001806977,-12.458314574215278
761,0.02135310621242485,0,0,300.0,0.0904319377723743,-2.1510864583658567,-12.521353034671947
762,0.02138120240480962,0,0,300.0,0.08869463637149166,-2.135249796576749,-12.584441871842143
763,0.021409298597194388,0,0,300.0,0.08692789347092286,-2.1191493665080023,-12.647613521763203
764,0.021437394789579158,0,0,300.0,0.08515466576010883,-2.1027716088134576,-12.710830221770214
765,0.021465490981963927,0,0,300.0,0.08341417831372391,-2.0860879036900863,-12.774084821073306
766,0.021493587174348697,0,0,300.0,0.0816777701112124,-2.069099420575945,-12.837409645293103
767,0.021521683366733466,0,0,300.0,0.0799273294817377,-2.0518248356150934,-12.90076824723706
768,0.021549779559118236,0,0,300.0,0.07817729875315431,-2.034271407191073,-12.964122534614242
769,0.021577875751503005,0,0,300.0,0.07642992654323073,-2.0164316150919612,-13.027503881905353
770,0.021605971943887775,0,0,300.0,0.07466840244404535,-1.9983279467343498,-13.090916113378471
771,0.021634068136272545,0,0,300.0,0.07288121617562938,-1.9799318482915333,-13.15454787978882
772,0.021662164328657314,0,0,300.0,0.07111444292048298,-1.9612648773635093,-13.218259771285311
773,0.021690260521042084,0,0,300.0,0.06931904402334937,-1.942337689539307,-13.282029083523085
774,0.021718356713426853,0,0,300.0,0.06751628824728853,-1.9231200144873246,-13.34583698152335
775,0.021746452905811623,0,0,300.0,0.06568931916141087,-1.9036336407558787,-13.409676777841774
776,0.021774549098196393,0,0,300.0,0.06383874275026324,-1.883865854950469,-13.473541832868264
777,0.021802645290581162,0,0,300.0,0.061999141272021774,-1.8638320025325847,-13.537379454184924
778,0.021830741482965932,0,0,300.0,0.060140015669915156,-1.8435334602625335,-13.601224135687906
779,0.0218588376753507,0,0,300.0,0.05827330052573078,-1.8229714471802245,-13.665086403599258
780,0.02188693386773547,0,0,300.0,0.056369757279376376,-1.8021567419293387,-13.728914874515693
781,0.02191503006012024,0,0,300.0,0.05447040572416201,-1.7810801096720017,-13.792715222003572
782,0.02194312625250501,0,0,300.0,0.052579616790659145,-1.7597563638674023,-13.856452402093373
783,0.02197122244488978,0,0,300.0,0.050669467646609206,-1.7382013364979587,-13.920192830797806
784,0.02199931863727455,0,0,300.0,0.048753863720716745,-1.7163915154061602,-13.98392570332831
785,0.02202741482965932,0,0,300.0,0.04685113161004267,-1.6943337133613772,-14.047657643353245
786,0.02205551102204409,0,0,300.0,0.0449348789394631,-1.6720381639456454,-14.111404095151036
787,0.022083607214428858,0,0,300.0,0.04300436657517423,-1.6494746797423507,-14.175153113464294
788,0.022111703406813628,0,0,300.0,0.04106836895443233,-1.6267024899240565,-14.238935024956787
789,0.022139799599198397,0,0,300.0,0.03910202237889591,-1.6036551495659304,-14.302755113843633
790,0.022167895791583167,0,0,300.0,0.037135924427385704,-1.580354553114693,-14.366531578733625
791,0.022195991983967937,0,0,300.0,0.03515524577796997,-1.556807857370327,-14.430244923879787
792,0.022224088176352706,0,0,300.0,0.03318685911421393,-1.5330058278514072,-14.4939393975137
793,0.022252184368737476,0,0,300.0,0.031214751447775517,-1.508943220547052,-14.557590312625774
794,0.022280280561122245,0,0,300.0,0.029239444408564835,-1.4846280002943462,-14.621172886016408
795,0.022308376753507015,0,0,300.0,0.027261351594217775,-1.460067815611686,-14.684717299668428
796,0.022336472945891785,0,0,300.0,0.025292909418933425,-1.4352691046920873,-14.748218951297222
797,0.022364569138276554,0,0,300.0,0.023323202503802473,-1.4102352811603274,-14.81171032835882
798,0.022392665330661324,0,0,300.0,0.02137215335260229,-1.3849702711021081,-14.875105304458259
799,0.022420761523046093,0,0,300.0,0.01942709512881792,-1.3594854158819942,-14.938494684612067
800,0.022448857715430863,0,0,300.0,0.01751059231833226,-1.333733132711237,-15.001880925359599
801,0.022476953907815633,0,0,300.0,0.015587571789504453,-1.307773525625967,-15.065257428254327
802,0.022505050100200402,0,0,300.0,0.013678422629792297,-1.2815868680262097,-15.128587577577898
803,0.022533146292585172,0,0,300.0,0.01176566055534215,-1.2551389303540748,-15.19189763782812
804,0.02256124248496994,0,0,300.0,0.00987672104437152,-1.2284849864757668,-15.255128036680874
805,0.02258933867735471,0,0,300.0,0.007983548361997373,-1.2015594472153126,-15.318326177254002
806,0.02261743486973948,0,0,300.0,0.006093228654331558,-1.1743823404179827,-15.381450177701376
807,0.02264553106212425,0,0,300.0,0.004216231984384621,-1.1469525123730757,-15.444513771409314
808,0.02267362725450902,0,0,300.0,0.002319287830769901,-1.1192504611559468,-15.507586782564282
809,0.02270172344689379,0,0,300.0,0.0004121467051461547,-1.0913058821284567,-15.570662049577804
810,0.02272981963927856,0,0,300.0,-0.0014508051867484308,-1.0630991930779534,-15.63384234815912
811,0.02275791583166333,0,0,300.0,-0.0033393178140159333,-1.0345977642414739,-15.697029260204838
812,0.022786012024048098,0,0,300.0,-0.005264259708590438,-1.0058825803857387,-15.760267959134774
813,0.022814108216432868,0,0,300.0,-0.007158658852533709,-0.9769485107316463,-15.823412356405338
814,0.022842204408817637,0,0,300.0,-0.009051876003687759,-0.9477598082851134,-15.886528195872343
815,0.022870300601202403,0,0,300.0,-0.010989202465080363,-0.9183893371251913,-15.9496016106631
816,0.022898396793587173,0,0,300.0,-0.012885978795214498,-0.8887171820685137,-16.012572834194344
817,0.022926492985971943,0,0,300.0,-0.014789901820195456,-0.8587943910803151,-16.075417875053244
818,0.022954589178356712,0,0,300.0,-0.0167013089504842,-0.8286297216665914,-16.138166572043918
819,0.022982685370741482,0,0,300.0,-0.01859633659670508,-0.7981778694863194,-16.200830176613724
820,0.02301078156312625,0,0,300.0,-0.020500218444487853,-0.7674116332265555,-16.263416546940014
821,0.02303887775551102,0,0,300.0,-0.022405089671512175,-0.736431060474984,-16.32583774659226
822,0.02306697394789579,0,0,300.0,-0.024327142717093728,-0.7052293759184847,-16.388144618483032
823,0.02309507014028056,0,0,300.0,-0.02621601700445099,-0.6737717427296936,-16.45041606038805
824,0.02312316633266533,0,0,300.0,-0.028096352213568217,-0.6420108845971506,-16.51256252997733
825,0.0231512625250501,0,0,300.0,-0.02995847396559029,-0.609973079786539,-16.574585075597778
826,0.02317935871743487,0,0,300.0,-0.03187476670848299,-0.5776590489946345,-16.63649204520059
827,0.02320745490981964,0,0,300.0,-0.033805716726410674,-0.5450545709349609,-16.698373867964992
828,0.023235551102204408,0,0,300.0,-0.03574914254398848,-0.5121882758040117,-16.76005995139298
829,0.023263647294589178,0,0,300.0,-0.03771293458050991,-0.4790201938020576,-16.821538896059067
830,0.023291743486973947,0,0,300.0,-0.03961625631129917,-0.44558869597175715,-16.88273144063225
831,0.023319839679358717,0,0,300.0,-0.04152382409243927,-0.4118927105114494,-16.943694590580105
832,0.023347935871743487,0,0,300.0,-0.043430934680556206,-0.3779376408448536,-17.00439911864821
833,0.023376032064128256,0,0,300.0,-0.045375683245258855,-0.3438158390359182,-17.06496636649945
834,0.023404128256513026,0,0,300.0,-0.04724930416505815,-0.30944385394602414,-17.125419363170113
835,0.023432224448897795,0,0,300.0,-0.04921367217719166,-0.274822824859765,-17.185695749206502
836,0.023460320641282565,0,0,300.0,-0.051202645864106444,-0.23990080425102595,-17.245827824691215
837,0.023488416833667335,0,0,300.0,-0.053155889942432526,-0.2047328559252672,-17.305690835991065
838,0.023516513026052104,0,0,300.0,-0.055101473013334415,-0.1693689529543988,-17.365208783932182
839,0.023544609218436874,0,0,300.0,-0.05707726213264971,-0.1337609186313661,-17.424463148493317
840,0.023572705410821643,0,0,300.0,-0.05899977358477341,-0.09791047513440568,-17.483415385041894
841,0.023600801603206413,0,0,300.0,-0.06092608568123013,-0.06175591083362159,-17.542053332566503
842,0.023628897795591183,0,0,300.0,-0.06286197672982034,-0.02541173319087909,-17.60031390365562
843,0.023656993987975952,0,0,300.0,-0.06478707599796439,0.011172182304277726,-17.65814676806814
844,0.023685090180360722,0,0,300.0,-0.06665506983103975,0.047993699263936034,-17.715516627306634
845,0.02371318637274549,0,0,300.0,-0.0685239101006774,0.08511841973509093,-17.77260133620212
846,0.02374128256513026,0,0,300.0,-0.07036897140163652,0.1225955589600709,-17.829310679800894
847,0.02376937875751503,0,0,300.0,-0.07211864795300961,0.1603361582690338,-17.885586441558463
848,0.0237974749498998,0,0,300.0,-0.07384087220160496,0.19826608249654715,-17.941413988039415
849,0.02382557114228457,0,0,300.0,-0.07550409596333162,0.23644137864954337,-17.99684205826046
850,0.02385366733466934,0,0,300.0,-0.07703845146268737,0.2748945655207406,-18.051874276559523
851,0.02388176352705411,0,0,300.0,-0.07854534561671253,0.31352373455950916,-18.10644343206891
852,0.02390985971943888,0,0,300.0,-0.08000515649149617,0.3524139072956505,-18.16057843217786
853,0.023937955911823648,0,0,300.0,-0.08141656526775086,0.3915517455352954,-18.21418555483644
854,0.023966052104208418,0,0,300.0,-0.08276104066281312,0.4309403335726357,-18.267380131615404
855,0.023994148296593187,0,0,300.0,-0.08407381031324655,0.47058915140322866,-18.320089504321324
856,0.024022244488977957,0,0,300.0,-0.08532299800275252,0.5105798473528942,-18.372362144580343
857,0.024050340681362727,0,0,300.0,-0.08654315811574421,0.5508754175868613,-18.424238255702374
858,0.024078436873747496,0,0,300.0,-0.08769038368340296,0.5915049872300993,-18.475667001843508
859,0.024106533066132266,0,0,300.0,-0.08879945158541981,0.6324634766125474,-18.526669563489037
860,0.024134629258517035,0,0,300.0,-0.08982300587945803,0.6737001036702279,-18.5772110706429
861,0.024162725450901805,0,0,300.0,-0.09074368401302449,0.7152670991527722,-18.627229256616424
862,0.024190821643286575,0,0,300.0,-0.09164663971829554,0.757086714003995,-18.67680825663828
863,0.024218917835671344,0,0,300.0,-0.09251507468564003,0.799111792078673,-18.725911296818055
864,0.024247014028056114,0,0,300.0,-0.09335846702406116,0.8414332819359893,-18.77463702241429
865,0.024275110220440883,0,0,300.0,-0.09413622064477684,0.8840268136684272,-18.822902560271956
866,0.024303206412825653,0,0,300.0,-0.0948513497452291,0.9269320763201832,-18.870680978229743
867,0.024331302605210423,0,0,300.0,-0.09559859522684681,0.9700617317162195,-18.917990309887017
868,0.024359398797595192,0,0,300.0,-0.09626024354189025,1.0134184964476205,-18.964860307988026
869,0.024387494989979962,0,0,300.0,-0.09693737796902556,1.057055112638764,-19.011258876889958
870,0.02441559118236473,0,0,300.0,-0.09754639937620596,1.1009426586564945,-19.05724940332219
871,0.0244436873747495,0,0,300.0,-0.09811498089072468,1.1451068715232111,-19.102871524269545
872,0.02447178356713427,0,0,300.0,-0.09856187821862678,1.189500533946459,-19.148109762350344
873,0.02449987975951904,0,0,300.0,-0.09899955362737844,1.234160118301384,-19.1930428138484
874,0.02452797595190381,0,0,300.0,-0.0993573138249182,1.2790560813532066,-19.237615948941002
875,0.024556072144288576,0,0,300.0,-0.0997127672435229,1.3241645772291053,-19.281901012522493
876,0.024584168336673345,0,0,300.0,-0.09996713122741775,1.3696054015546428,-19.32575782420413
877,0.024612264529058115,0,0,300.0,-0.10017436909652287,1.4153277454421076,-19.36934844675912
878,0.024640360721442885,0,0,300.0,-0.10030959747578126,1.4613079161334408,-19.412627935407485
879,0.024668456913827654,0,0,300.0,-0.10043810320135484,1.5074066522772405,-19.45559652287415
880,0.024696553106212424,0,0,300.0,-0.10052902212929629,1.5535974891659086,-19.498176405928405
881,0.024724649298597193,0,0,300.0,-0.10056975854966778,1.5999079679422816,-19.540200272015078
882,0.024752745490981963,0,0,300.0,-0.10047793208126686,1.646390173895109,-19.581751379482018
883,0.024780841683366733,0,0,300.0,-0.10030114470401953,1.6929381096734635,-19.622876859930184
884,0.024808937875751502,0,0,300.0,-0.10009436587311266,1.7397550817391643,-19.663719587685566
885,0.024837034068136272,0,0,300.0,-0.0997483292099758,1.7866815694880915,-19.704267658832105
886,0.02486513026052104,0,0,300.0,-0.09927105048291919,1.8338948777117212,-19.744758879041935
887,0.02489322645290581,0,0,300.0,-0.09880378005791747,1.8813268851002554,-19.78529816550641
888,0.02492132264529058,0,0,300.0,-0.09824337899554851,1.9288061193071224,-19.825408292354574
889,0.02494941883767535,0,0,300.0,-0.09755262660097971,1.9764173604583264,-19.86510048312375
890,0.02497751503006012,0,0,300.0,-0.09682574220572053,2.024071445626725,-19.90427310788842
891,0.02500561122244489,0,0,300.0,-0.09596123918249917,2.071722134426897,-19.942915518849762
892,0.02503370741482966,0,0,300.0,-0.09508414234193543,2.1195767459227413,-19.98125538469405
893,0.02506180360721443,0,0,300.0,-0.09405599443853851,2.1676604437502043,-20.01945722875113
894,0.025089899799599198,0,0,300.0,-0.09300168666229575,2.2160600683325047,-20.057598159049814
895,0.025117995991983968,0,0,300.0,-0.09194511804981319,2.2645235450202645,-20.095075609552786
896,0.025146092184368737,0,0,300.0,-0.09088669063030286,2.313222058254467,-20.13193258877078
897,0.025174188376753507,0,0,300.0,-0.08976320392256915,2.36192748203516,-20.16799213763716
898,0.025202284569138277,0,0,300.0,-0.08865174943383544,2.410656996655248,-20.203407362631783
899,0.025230380761523046,0,0,300.0,-0.08761724855734053,2.4594115010538764,-20.238043522948747
900,0.025258476953907816,0,0,300.0,-0.086508372052583,2.5082432873976286,-20.272014579410882
901,0.025286573146292585,0,0,300.0,-0.08546066481492781,2.5572338454039345,-20.305549737153857
902,0.025314669338677355,0,0,300.0,-0.08424594786840767,2.6062645176855863,-20.338251933647722
903,0.025342765531062125,0,0,300.0,-0.08306288381328582,2.6552125509367897,-20.37053986771016
904,0.025370861723446894,0,0,300.0,-0.08192577319461336,2.7042583757604524,-20.402317503097933
905,0.025398957915831664,0,0,300.0,-0.08072119362114547,2.7533018586180815,-20.43339346535213
906,0.025427054108216433,0,0,300.0,-0.07957331339799151,2.8024515457488985,-20.46428810090416
907,0.025455150300601203,0,0,300.0,-0.078376104693417,2.851653699339674,-20.494609765471285
908,0.025483246492985973,0,0,300.0,-0.07726113126055181,2.90119251860636,-20.524909002504916
909,0.025511342685370742,0,0,300.0,-0.07630144032729945,2.950775208760242,-20.555480066106153
910,0.025539438877755512,0,0,300.0,-0.07537876976882237,3.0007055353989753,-20.58596170197076
911,0.02556753507014028,0,0,300.0,-0.07463386589029863,3.0508421475292318,-20.61653471362752
912,0.02559563126252505,0,0,300.0,-0.0739930115046939,3.1011191060333347,-20.646885312044645
913,0.02562372745490982,0,0,300.0,-0.07330811992953434,3.151596420018329,-20.676952665125246
914,0.02565182364729459,0,0,300.0,-0.07262160382532266,3.201960815270738,-20.70696042292891
915,0.02567991983967936,0,0,300.0,-0.07198562725687148,3.252303434214425,-20.73622739641375
916,0.02570801603206413,0,0,300.0,-0.07140991157284042,3.3029676085865676,-20.764954767515874
917,0.0257361122244489,0,0,300.0,-0.07097981209714557,3.3535476249985963,-20.793178236144517
918,0.02576420841683367,0,0,300.0,-0.07031813505020952,3.403722837959692,-20.820645306109576
919,0.025792304609218438,0,0,300.0,-0.06980836414697794,3.453911112280567,-20.847532937945235
920,0.025820400801603208,0,0,300.0,-0.0694737128168152,3.5040911619095767,-20.873974022502555
921,0.025848496993987977,0,0,300.0,-0.06894438041209681,3.55412653453851,-20.900704704232606
922,0.025876593186372747,0,0,300.0,-0.06859046837898353,3.604456747350247,-20.927634751185405
923,0.025904689378757517,0,0,300.0,-0.06839554049699799,3.654612294666713,-20.954572942087896
924,0.025932785571142286,0,0,300.0,-0.0680778483764775,3.7046234409763823,-20.98107506564333
925,0.025960881763527056,0,0,300.0,-0.06771758694091765,3.754834856284835,-21.007924075351497
926,0.025988977955911825,0,0,300.0,-0.06732692989777647,3.8049960799539893,-21.034128163082787
927,0.026017074148296595,0,0,300.0,-0.06691660951235603,3.8548633333063016,-21.05962303393519
928,0.026045170340681364,0,0,300.0,-0.06662239666580094,3.9046268874183796,-21.084681977219294
929,0.026073266533066134,0,0,300.0,-0.06655927639241893,3.9539594409308436,-21.109192654352118
930,0.026101362725450904,0,0,300.0,-0.06665825181962605,4.00295163139609,-21.13304063829511
931,0.026129458917835673,0,0,300.0,-0.06642216079446442,4.051524748353367,-21.156464102602396
932,0.026157555110220443,0,0,300.0,-0.06596488233427715,4.1000481472866666,-21.179633744652282
933,0.026185651302605212,0,0,300.0,-0.0657551722590894,4.1485359032773665,-21.202537113939588
934,0.026213747494989982,0,0,300.0,-0.06537211099925792,4.196878269455963,-21.224882144833998
935,0.026241843687374748,0,0,300.0,-0.06537618624337292,4.245390482159231,-21.24744502996812
936,0.026269939879759518,0,0,300.0,-0.06532435696525764,4.293510167554088,-21.26975433472363
937,0.026298036072144287,0,0,300.0,-0.06525762770486578,4.341983444451482,-21.29293434725973
938,0.026326132264529057,0,0,300.0,-0.06496433275096852,4.390630020456512,-21.3163368328903
939,0.026354228456913827,0,0,300.0,-0.06404422745257402,4.439505656415165,-21.339774738238955
940,0.026382324649298596,0,0,300.0,-0.06344197027518168,4.4881102168113935,-21.364682381638755
941,0.026410420841683366,0,0,300.0,-0.0629002911500275,4.536705716099228,-21.39041810984548
942,0.026438517034068135,0,0,300.0,-0.06194875834226495,4.58494893207898,-21.416028481050294
943,0.026466613226452905,0,0,300.0,-0.0610574272238372,4.633040704115525,-21.442450307163348
944,0.026494709418837675,0,0,300.0,-0.05992959468385577,4.681131674606865,-21.468740355947666
945,0.026522805611222444,0,0,300.0,-0.05884945198297365,4.729000930504067,-21.49470005275885
946,0.026550901803607214,0,0,300.0,-0.05792779567203996,4.776975431127511,-21.52106746660838
947,0.026578997995991983,0,0,300.0,-0.05676458535173686,4.82473342157034,-21.547437252813346
948,0.026607094188376753,0,0,300.0,-0.055445624864943636,4.8723446776501325,-21.57353029296718
949,0.026635190380761523,0,0,300.0,-0.05403079271516982,4.920134548659349,-21.60016198030777
950,0.026663286573146292,0,0,300.0,-0.05234552949345977,4.9685947711363445,-21.62783558557402
951,0.026691382765531062,0,0,300.0,-0.05133794876448138,5.018509880315163,-21.65959691351957
952,0.02671947895791583,0,0,300.0,-0.05035446932330901,5.069135100068919,-21.693560405027995
953,0.0267475751503006,0,0,300.0,-0.04926675381820558,5.121233560120218,-21.73249327883751
954,0.02677567134268537,0,0,300.0,-0.048253673256313155,5.174647435851077,-21.77469219237387
955,0.02680376753507014,0,0,300.0,-0.04767012018589903,5.228441873168587,-21.81853665799286
956,0.02683186372745491,0,0,300.0,-0.046857411278992414,5.282300820843033,-21.8612901789791
957,0.02685995991983968,0,0,300.0,-0.04586199235996819,5.3360635962085174,-21.90519076788066
958,0.02688805611222445,0,0,300.0,-0.044677202675275786,5.388773967857337,-21.947985087350474
959,0.02691615230460922,0,0,300.0,-0.04390137076441237,5.440658138002083,-21.990357837200865
960,0.026944248496993988,0,0,300.0,-0.042846789747277784,5.4917483318469404,-22.032704178596592
961,0.026972344689378758,0,0,300.0,-0.04119365091172103,5.54116153865998,-22.072817980035047
962,0.027000440881763527,0,0,300.0,-0.03976943294908985,5.588988717852237,-22.10962109988925
963,0.027028537074148297,0,0,300.0,-0.03868810860351913,5.634674819263288,-22.14055947769621
964,0.027056633266533067,0,0,300.0,-0.037281679002064125,5.678142934483738,-22.168002417858442
965,0.027084729458917836,0,0,300.0,-0.035583077611486345,5.7186623995833195,-22.188297180681396
966,0.027112825651302606,0,0,300.0,-0.03364454642122727,5.755850370834707,-22.19732551964218
967,0.027140921843687375,0,0,300.0,-0.03182426508754397,5.789899561538614,-22.196280949272307
968,0.027169018036072145,0,0,300.0,-0.029918881493572237,5.820113699423182,-22.18311214550402
969,0.027197114228456915,0,0,300.0,-0.027586617498698607,5.844028975782457,-22.14899457271276
970,0.027225210420841684,0,0,300.0,-0.026123492192877688,5.858996785459669,-22.087634968674095
971,0.027253306613226454,0,0,300.0,-0.024816550285629964,5.8647485879174095,-21.99675688142663
972,0.027281402805611223,0,0,300.0,-0.023151107983192174,5.859990609613996,-21.87253522590699
973,0.027309498997995993,0,0,300.0,-0.02136468085921125,5.84375129989536,-21.71151654515665
974,0.027337595190380762,0,0,300.0,-0.02023427174889042,5.815244711228515,-21.509509019397807
975,0.027365691382765532,0,0,300.0,-0.01781763887426014,5.772865488649401,-21.263226429420108
976,0.0273937875751503,0,0,300.0,-0.01501975406106324,5.715915305777131,-20.969276360786466
977,0.02742188376753507,0,0,300.0,-0.012017050915208525,5.64431309860329,-20.62652020425725
978,0.02744997995991984,0,0,300.0,-0.009884617530733952,5.5570530479213485,-20.230182280254343
979,0.02747807615230461,0,0,300.0,-0.007903478634157073,5.45316541515638,-19.78132693326492
980,0.02750617234468938,0,0,300.0,-0.006076997375084516,5.332144944171789,-19.279197167093777
981,0.02753426853707415,0,0,300.0,-0.004667506145025721,5.194975314984361,-18.725408050608852
982,0.02756236472945892,0,0,300.0,-0.0031796683401003217,5.042587440406914,-18.120526277243087
983,0.02759046092184369,0,0,300.0,-0.0022962662111334336,4.874100254191195,-17.46290790547517
984,0.02761855711422846,0,0,300.0,-0.0012724430800671956,4.689375050934031,-16.75247947996106
985,0.027646653306613228,0,0,300.0,-0.0008397823091381582,4.489391376180126,-15.993053754217222
986,0.027674749498997998,0,0,300.0,8.144599931240304e-05,4.273336078532797,-15.184681421008225
987,0.027702845691382767,0,0,300.0,0.0007330169630568389,4.041222876154018,-14.326848274196044
988,0.027730941883767537,0,0,300.0,0.0013640205471728156,3.7928918469914987,-13.419320187698053
989,0.027759038076152306,0,0,300.0,0.0023080594131181394,3.5294152858305283,-12.46356001536517
990,0.027787134268537076,0,0,300.0,0.0035146203432124897,3.251015050098472,-11.45869355245304
991,0.027815230460921846,0,0,300.0,0.00496274313331099,2.957113281612089,-10.40376902126415
992,0.027843326653306615,0,0,300.0,0.0066838267266289145,2.648089500068462,-9.299446550181504
993,0.027871422845691385,0,0,300.0,0.008784056509067353,2.3236771706157833,-8.145712511260543
994,0.027899519038076154,0,0,300.0,0.011527947238933831,1.9838117300160767,-6.943329514546271
995,0.02792761523046092,0,0,300.0,0.01465548550225056,1.6288075526177064,-5.693119042249149
996,0.02795571142284569,0,0,300.0,0.018393229604715396,1.2588956179999273,-4.394512468630796
997,0.02798380761523046,0,0,300.0,0.022463407956866712,0.8737003332509831,-3.047533720298937
998,0.02801190380761523,0,0,300.0,0.026952988192537112,0.4735267824461903,-1.6530912409949943
999,0.02804,0,0,300.0,0.02143708472963199,0.06579790018028471,-0.2309977774713451
