1,0.0,0,0,300.0,-3.552713678800501e-18,0.16216460880184208,-3.552713678800501e-18
2,2.809619238476954e-05,0,0,300.0,2.9871704291227984e-05,0.1621663125534883,-0.006118523193694056
3,5.619238476953908e-05,0,0,300.0,5.5495433991502806e-05,0.16215878593691269,-0.012222264322806898
4,8.428857715430862e-05,0,0,300.0,9.034139323501123e-05,0.16209240712819936,-0.018207791871696813
5,0.00011238476953907816,0,0,300.0,0.0001332333596182238,0.162017711459647,-0.02417230127452196
6,0.0001404809619238477,0,0,300.0,0.00017811635422999573,0.16193900503544484,-0.03013161771658511
7,0.00016857715430861723,0,0,300.0,0.00022428345286203922,0.1618580173372642,-0.03608895254177245
8,0.00019667334669338677,0,0,300.0,0.0002711375091223225,0.16177548211285137,-0.04204555724514879
9,0.00022476953907815632,0,0,300.0,0.0003188852386373,0.16169175851987166,-0.04800170174195877
10,0.00025286573146292583,0,0,300.0,0.00036716299172239884,0.16160705128164993,-0.053957762229545236
11,0.0002809619238476954,0,0,300.0,0.0004162400214215261,0.16152147927423902,-0.05991367949451183
12,0.0003090581162324649,0,0,300.0,0.0004657858654651754,0.16143524152417518,-0.06586972300871705
13,0.00033715430861723446,0,0,300.0,0.0005161355226703498,0.1613481512245323,-0.07182568286917575
14,0.000365250501002004,0,0,300.0,0.0005670223283287293,0.1612604219455578,-0.0777817642823036
15,0.00039334669338677355,0,0,300.0,0.0006184437092729596,0.16117209625373877,-0.08373798693368084
16,0.0004214428857715431,0,0,300.0,0.0006706335322126762,0.1610830273395352,-0.08969419257312447
17,0.00044953907815631263,0,0,300.0,0.0007233437407761621,0.1609934106306027,-0.0956505647899321
18,0.0004776352705410822,0,0,300.0,0.0007766635694071802,0.16090310584777778,-0.10160703504418
19,0.0005057314629258517,0,0,300.0,0.0008306220132377505,0.16081221386705233,-0.1075635944820248
20,0.0005338276553106213,0,0,300.0,0.0008851970108493888,0.1607207318865342,-0.11352025063842668
21,0.0005619238476953907,0,0,300.0,0.0009403879954746337,0.16062859945751817,-0.11947701333424195
22,0.0005900200400801603,0,0,300.0,0.0009960784825605914,0.16053597905273348,-0.12543396430972506
23,0.0006181162324649298,0,0,300.0,0.0010474377664072812,0.16047664893118752,-0.13138907984801773
24,0.0006462124248496994,0,0,300.0,0.0010787568685600632,0.1604268043256029,-0.1373809947051883
25,0.0006743086172344689,0,0,300.0,0.001101482480809512,0.16038482166878595,-0.14338841562223129
26,0.0007024048096192385,0,0,300.0,0.001118855257536268,0.1603491935110232,-0.14940565171645523
27,0.000730501002004008,0,0,300.0,0.0011322880253373207,0.16031857048616732,-0.15543070786727214
28,0.0007585971943887776,0,0,300.0,0.0011430207394104066,0.1602923320552231,-0.16146137622381998
29,0.0007866933867735471,0,0,300.0,0.0011515986951817824,0.16027000467930416,-0.16749680750850393
30,0.0008147895791583167,0,0,300.0,0.0011584209032685457,0.16025056468813548,-0.1735355029299444
31,0.0008428857715430862,0,0,300.0,0.001151737983644562,0.16023260815057708,-0.17958904440722134
32,0.0008709819639278558,0,0,300.0,0.0011390480388885607,0.16022894852879185,-0.1856691462288252
33,0.0008990781563126253,0,0,300.0,0.0011215936929093928,0.16023262547752307,-0.19176277391335322
34,0.0009271743486973948,0,0,300.0,0.0011004801548040745,0.16024218516866265,-0.19786602383919497
35,0.0009552705410821644,0,0,300.0,0.0010761486625188966,0.16025696411821194,-0.20397686798078607
36,0.000983366733466934,0,0,300.0,0.0010492816255526982,0.16027643927171356,-0.2100938923518347
37,0.0010114629258517033,0,0,300.0,0.0010201158975009362,0.16029990830935964,-0.21621597972151077
38,0.001039559118236473,0,0,300.0,0.0009884015845792859,0.16032741913409193,-0.22234095658722686
39,0.0010676553106212425,0,0,300.0,0.000954243829077356,0.1603593483206237,-0.22846688400565252
40,0.0010957515030060121,0,0,300.0,0.0009184372667494287,0.16039459922565805,-0.2345957467253874
41,0.0011238476953907815,0,0,300.0,0.00087268089674156,0.1604286953056519,-0.24071302391173474
42,0.001151943887775551,0,0,300.0,0.0008261363055787498,0.1604599598975019,-0.24682779369910998
43,0.0011800400801603207,0,0,300.0,0.0007819864047698673,0.1605061383317411,-0.25292861279452294
44,0.0012081362725450903,0,0,300.0,0.0007387230607305674,0.16055064343761133,-0.25902371401143376
45,0.0012362324649298597,0,0,300.0,0.0006964012492207096,0.16059506437204993,-0.26511553664241255
46,0.0012643286573146293,0,0,300.0,0.0006542831043884902,0.1606416568158678,-0.2712102984396542
47,0.0012924248496993989,0,0,300.0,0.0006123590207226819,0.16069100928788393,-0.27730651655193833
48,0.0013205210420841685,0,0,300.0,0.0005687991632074728,0.1607428679040204,-0.28340403171652995
49,0.0013486172344689378,0,0,300.0,0.0005233894292559462,0.16079794682952908,-0.2895025017692199
50,0.0013767134268537074,0,0,300.0,0.00047697119572261213,0.160855535019665,-0.29560093622910766
51,0.001404809619238477,0,0,300.0,0.00042845443793274285,0.16091640135095495,-0.30170032748857456
52,0.0014329058116232464,0,0,300.0,0.000378014301090797,0.1609796297989496,-0.3077992421946221
53,0.001461002004008016,0,0,300.0,0.0003254102416921079,0.1610459795315155,-0.3138981076238238
54,0.0014890981963927856,0,0,300.0,0.0002717652843258449,0.16111507617412632,-0.3199965214696513
55,0.0015171943887775552,0,0,300.0,0.00021593500334641646,0.16118714411250842,-0.3260944809722303
56,0.0015452905811623246,0,0,300.0,0.00015819647162749106,0.16126140049793128,-0.3321913965606577
57,0.0015733867735470942,0,0,300.0,9.883173175768434e-05,0.16133864445632817,-0.33828766474650646
58,0.0016014829659318638,0,0,300.0,3.7300472093662054e-05,0.16141859719512838,-0.3443828756588142
59,0.0016295791583166334,0,0,300.0,-2.5816560433153056e-05,0.16150105921748628,-0.3504772250680936
60,0.0016576753507014028,0,0,300.0,-9.05772804424707e-05,0.16158624033182833,-0.35657011655753523
61,0.0016857715430861724,0,0,300.0,-0.00015745632273083033,0.16167385403129428,-0.3626618402573266
62,0.001713867735470942,0,0,300.0,-0.00022583209402823456,0.16176421853509007,-0.36875217925244463
63,0.0017419639278557116,0,0,300.0,-0.00029380147885920847,0.1618660665611691,-0.3748377403241849
64,0.001770060120240481,0,0,300.0,-0.0003689763758705311,0.16197851534877225,-0.380902088527179
65,0.0017981563126252505,0,0,300.0,-0.0004469886288509706,0.16212047441587488,-0.38696651700510254
66,0.0018262525050100201,0,0,300.0,-0.0005270808817621884,0.16227788453927577,-0.39302937013829503
67,0.0018543486973947895,0,0,300.0,-0.0006112872097915769,0.1624457291953671,-0.3990897094994064
68,0.001882444889779559,0,0,300.0,-0.0006982252509426523,0.1626217162497368,-0.4051480799498815
69,0.0019105410821643287,0,0,300.0,-0.000788120039025035,0.16280402232406033,-0.4112043980193066
70,0.0019386372745490983,0,0,300.0,-0.0008809289509284533,0.1629910950620609,-0.41725931872700006
71,0.001966733466933868,0,0,300.0,-0.0009765674543189213,0.16318219043475032,-0.4233126462548694
72,0.0019948296593186375,0,0,300.0,-0.0010749955108847794,0.16337634554846736,-0.42936461748318405
73,0.0020229258517034067,0,0,300.0,-0.001173346766066711,0.16357141650880044,-0.43541081545028687
74,0.0020510220440881763,0,0,300.0,-0.001273192015310599,0.16376349706553078,-0.44144392060345694
75,0.002079118236472946,0,0,300.0,-0.0013747477235074932,0.16395342980033875,-0.44746941151558267
76,0.0021072144288577154,0,0,300.0,-0.001476944029135126,0.16414080166170558,-0.4534888050674257
77,0.002135310621242485,0,0,300.0,-0.0015800744273439982,0.16432478239499695,-0.4595029602503091
78,0.0021634068136272546,0,0,300.0,-0.0016847488555220202,0.16450497818621768,-0.4655125646030819
79,0.0021915030060120242,0,0,300.0,-0.001789873138451714,0.16468096125469128,-0.4715182018915965
80,0.002219599198396794,0,0,300.0,-0.0018959691849381813,0.16485215351524854,-0.47751996847483874
81,0.002247695390781563,0,0,300.0,-0.0020026154342436724,0.16501877632116901,-0.48351767407059454
82,0.0022757915831663326,0,0,300.0,-0.0021103848219994567,0.165185363216645,-0.48950849781235467
83,0.002303887775551102,0,0,300.0,-0.0022180676182175,0.16535042946208503,-0.4954934530269646
84,0.002331983967935872,0,0,300.0,-0.002326646829363863,0.16551287137863022,-0.5014732959091892
85,0.0023600801603206414,0,0,300.0,-0.0024365976737549706,0.16567116607534796,-0.5074484007104804
86,0.002388176352705411,0,0,300.0,-0.002547740991510512,0.1658248329018312,-0.5134187963655898
87,0.0024162725450901806,0,0,300.0,-0.0026599666360676154,0.1659733225700054,-0.5193854360519964
88,0.0024443687374749497,0,0,300.0,-0.0027732380555174564,0.16611641393620427,-0.5253478118327096
89,0.0024724649298597193,0,0,300.0,-0.002891681235907871,0.1662537962863695,-0.5313015103437854
90,0.002500561122244489,0,0,300.0,-0.0030087665794171947,0.16638744656780183,-0.5372438248302278
91,0.0025286573146292585,0,0,300.0,-0.003127326785635475,0.16651500407243106,-0.5431777667290779
92,0.002556753507014028,0,0,300.0,-0.0032474476927024476,0.1666364997530681,-0.549105005681001
93,0.0025848496993987977,0,0,300.0,-0.003375642213853119,0.16673671968404916,-0.5550177220920889
94,0.0026129458917835673,0,0,300.0,-0.003512379080946765,0.16682038185372897,-0.5609204768015654
95,0.002641042084168337,0,0,300.0,-0.0036542438990678433,0.16688934964505506,-0.5668169611370617
96,0.002669138276553106,0,0,300.0,-0.003801474573890573,0.16693444807595836,-0.5726976910316036
97,0.0026972344689378757,0,0,300.0,-0.003958553851826135,0.16695262501368427,-0.578583304661575
98,0.0027253306613226453,0,0,300.0,-0.004118272504100478,0.16695680530829687,-0.5844618879202804
99,0.002753426853707415,0,0,300.0,-0.004279774079097347,0.16694583710652125,-0.5903378332888012
100,0.0027815230460921845,0,0,300.0,-0.00444350785477318,0.16691934480135778,-0.5962114497916146
101,0.002809619238476954,0,0,300.0,-0.004608493863437453,0.16687923874647367,-0.6020832980757778
102,0.0028377154308617237,0,0,300.0,-0.004774126951555136,0.1668249348153205,-0.607953545972104
103,0.002865811623246493,0,0,300.0,-0.004941239046744212,0.16675672516286386,-0.6138227707800307
104,0.0028939078156312624,0,0,300.0,-0.0051088349159659745,0.16667621147916561,-0.6196909817692042
105,0.002922004008016032,0,0,300.0,-0.005277615889392713,0.16658189559464665,-0.6255585170294738
106,0.0029501002004008016,0,0,300.0,-0.00544634068078194,0.16647628455984687,-0.6314254274602902
107,0.0029781963927855712,0,0,300.0,-0.005615956474373007,0.1663582509804329,-0.6372920042439787
108,0.003006292585170341,0,0,300.0,-0.005786087106613401,0.16622807721930172,-0.6431584607260153
109,0.0030343887775551104,0,0,300.0,-0.005956436944248416,0.1660861914162237,-0.6490250519246173
110,0.00306248496993988,0,0,300.0,-0.0061272046441937286,0.16593269006216974,-0.654891499324417
111,0.003090581162324649,0,0,300.0,-0.00629809802250453,0.16576776418272457,-0.6607585227997534
112,0.0031186773547094188,0,0,300.0,-0.006469041508692331,0.16559205131966,-0.6666255748926975
113,0.0031467735470941884,0,0,300.0,-0.006640275962399983,0.16540481787802555,-0.6724934930234492
114,0.003174869739478958,0,0,300.0,-0.006811754696426128,0.1652062404500031,-0.6783619850037903
115,0.0032029659318637276,0,0,300.0,-0.006982629036224396,0.16499727192606428,-0.6842305393890268
116,0.003231062124248497,0,0,300.0,-0.007155778819435259,0.16477367888876454,-0.6900987240370425
117,0.0032591583166332668,0,0,300.0,-0.0073307816305309215,0.16453867929989122,-0.6959652871075886
118,0.003287254509018036,0,0,300.0,-0.007508055142427729,0.16429212439570523,-0.7018315284323633
119,0.0033153507014028055,0,0,300.0,-0.007689795378094445,0.16403472079926065,-0.7076935532426998
120,0.003343446893787575,0,0,300.0,-0.00787254514323292,0.16376817258285853,-0.7135582958790928
121,0.0033715430861723447,0,0,300.0,-0.008057046909095018,0.16349143434667107,-0.7194239979782249
122,0.0033996392785571143,0,0,300.0,-0.008242574586566687,0.16320534700479752,-0.725290710470237
123,0.003427735470941884,0,0,300.0,-0.008429381274338645,0.1629103424251796,-0.7311580472601924
124,0.0034558316633266535,0,0,300.0,-0.008616941883995125,0.16260654619067197,-0.7370269080687915
125,0.003483927855711423,0,0,300.0,-0.00880491793896509,0.16229343681087566,-0.7428965041429453
126,0.0035120240480961923,0,0,300.0,-0.008993780639656258,0.1619723599093664,-0.7487665045420513
127,0.003540120240480962,0,0,300.0,-0.009182720603121503,0.16164200442790758,-0.7546379296546672
128,0.0035682164328657315,0,0,300.0,-0.009372079989415898,0.16130371267981602,-0.7605115721293177
129,0.003596312625250501,0,0,300.0,-0.009561188113298614,0.16095720382172446,-0.7663862429520673
130,0.0036244088176352707,0,0,300.0,-0.009750068058781277,0.1606028648355423,-0.7722633800684514
131,0.0036525050100200403,0,0,300.0,-0.009937528138951247,0.16024113763626785,-0.7781430826761692
132,0.00368060120240481,0,0,300.0,-0.010124835801393275,0.1598719592959852,-0.784024081232475
133,0.003708697394789579,0,0,300.0,-0.010313732414018872,0.1594928058214375,-0.7899106713779175
134,0.0037367935871743486,0,0,300.0,-0.010499460656497202,0.1591051565407026,-0.7958089631615178
135,0.003764889779559118,0,0,300.0,-0.010683528367289188,0.15870933917403562,-0.8017158750761887
136,0.003792985971943888,0,0,300.0,-0.010867198734817571,0.15830554268698488,-0.8076299394372312
137,0.0038210821643286574,0,0,300.0,-0.01104895325228173,0.15789398260954352,-0.8135511157814682
138,0.003849178356713427,0,0,300.0,-0.01122996044095731,0.1574736899656626,-0.8194794847132002
139,0.0038772745490981966,0,0,300.0,-0.011409416787594207,0.15704566729563907,-0.8254153925892742
140,0.003905370741482966,0,0,300.0,-0.01158811418694421,0.15660854144057781,-0.8313592542706105
141,0.003933466933867736,0,0,300.0,-0.011762879330742689,0.1561542457686025,-0.8373145710082501
142,0.003961563126252505,0,0,300.0,-0.011937846066374618,0.15568783214265622,-0.8432773703797787
143,0.003989659318637275,0,0,300.0,-0.012112738938464365,0.1552090686374629,-0.8492458331556793
144,0.004017755511022045,0,0,300.0,-0.012288291356974923,0.15472419953504957,-0.8552180389736282
145,0.004045851703406813,0,0,300.0,-0.01246399318565816,0.1542301707267693,-0.8611965573648239
146,0.004073947895791583,0,0,300.0,-0.012638620577544288,0.153726401123983,-0.8671802299708518
147,0.0041020440881763525,0,0,300.0,-0.012807269490356333,0.15320628860876254,-0.873172402292106
148,0.004130140280561122,0,0,300.0,-0.012969414531996872,0.15266518703775636,-0.8791760912413494
149,0.004158236472945892,0,0,300.0,-0.01312749201290405,0.15210729980164678,-0.8851872880875311
150,0.004186332665330661,0,0,300.0,-0.013282910874807072,0.1515373181491791,-0.891206659205497
151,0.004214428857715431,0,0,300.0,-0.01343602198581877,0.15095682993153217,-0.8972337594859627
152,0.0042425250501002005,0,0,300.0,-0.013586139965723028,0.15036673115072546,-0.9032687911083863
153,0.00427062124248497,0,0,300.0,-0.013734919187528604,0.1497674407524686,-0.90931289026852
154,0.00429871743486974,0,0,300.0,-0.013881359568014787,0.14916082777368234,-0.9153662815387613
155,0.004326813627254509,0,0,300.0,-0.014025933534878497,0.14854677765620325,-0.9214283749322191
156,0.004354909819639279,0,0,300.0,-0.014173842011027546,0.14792520527343486,-0.927505567108924
157,0.0043830060120240485,0,0,300.0,-0.014320732422762305,0.14730299495582916,-0.9336048402811479
158,0.004411102204408818,0,0,300.0,-0.014466586472670215,0.14667781915690067,-0.9397204140932897
159,0.004439198396793588,0,0,300.0,-0.014612312620515497,0.1460491137342595,-0.9458518619085626
160,0.004467294589178356,0,0,300.0,-0.014758195831794236,0.14541799188696564,-0.9519981913105396
161,0.004495390781563126,0,0,300.0,-0.014903414291485475,0.14478511664046775,-0.9581588688966436
162,0.004523486973947896,0,0,300.0,-0.015046896776361408,0.14414922007982517,-0.964334287272917
163,0.004551583166332665,0,0,300.0,-0.015188886731559563,0.143510830266701,-0.9705237045591759
164,0.004579679358717435,0,0,300.0,-0.015330786480582542,0.14287233506090066,-0.9767280668032354
165,0.004607775551102204,0,0,300.0,-0.01547171424784279,0.14223294453917157,-0.9829462436531906
166,0.004635871743486974,0,0,300.0,-0.015612801308167917,0.141592933845278,-0.9891798709606738
167,0.004663967935871744,0,0,300.0,-0.01575404893248401,0.14095288379958817,-0.9954286679888573
168,0.004692064128256513,0,0,300.0,-0.015894741817472087,0.14031266712899687,-1.0016931784418734
169,0.004720160320641283,0,0,300.0,-0.016035295934315727,0.13967284174330918,-1.0079729772086352
170,0.004748256513026052,0,0,300.0,-0.016176158240942942,0.13903125549478637,-1.0142686999575923
171,0.004776352705410822,0,0,300.0,-0.016316592457883545,0.13839014902046548,-1.0205802352029647
172,0.004804448897795592,0,0,300.0,-0.016456631110274192,0.13774875913109322,-1.0269088968032958
173,0.004832545090180361,0,0,300.0,-0.016596493415578607,0.13710805922485617,-1.033253951533318
174,0.004860641282565131,0,0,300.0,-0.01673657726879233,0.1364676818425371,-1.0396151960287228
175,0.0048887374749498995,0,0,300.0,-0.016876630848318662,0.13582769173203155,-1.0459943513568255
176,0.004916833667334669,0,0,300.0,-0.017016074614732944,0.13518863384372323,-1.0523895636249907
177,0.004944929859719439,0,0,300.0,-0.017156096262819703,0.13455183622808772,-1.0588019665122865
178,0.004973026052104208,0,0,300.0,-0.017295043081029467,0.1339147930273794,-1.0652319391878722
179,0.005001122244488978,0,0,300.0,-0.017424655575827792,0.1332771838750029,-1.071676886163295
180,0.0050292184368737475,0,0,300.0,-0.0175471156759112,0.13263604311599295,-1.078133550180589
181,0.005057314629258517,0,0,300.0,-0.017663316831966328,0.1319921658574039,-1.0846033507175004
182,0.005085410821643287,0,0,300.0,-0.017776865806900233,0.13134653068988664,-1.0910889097298273
183,0.005113507014028056,0,0,300.0,-0.01788458597401062,0.13069549061337887,-1.097612512053621
184,0.005141603206412826,0,0,300.0,-0.017991455763190153,0.13004819970053394,-1.1041657028246767
185,0.0051696993987975955,0,0,300.0,-0.018096448566795334,0.12940293006300593,-1.1107477499865561
186,0.005197795591182365,0,0,300.0,-0.018198890096672353,0.1287603695581738,-1.1173562946188598
187,0.005225891783567135,0,0,300.0,-0.01830004425874013,0.12812373901631594,-1.1239890410441327
188,0.005253987975951904,0,0,300.0,-0.018398276984090457,0.12749125672236009,-1.1306468073487912
189,0.005282084168336674,0,0,300.0,-0.018493164305568462,0.12686099772312945,-1.1373275885926193
190,0.005310180360721443,0,0,300.0,-0.018584251991691232,0.12623215008248193,-1.144031742761705
191,0.005338276553106212,0,0,300.0,-0.018672472417296974,0.12560530462729055,-1.1507619641175155
192,0.005366372745490982,0,0,300.0,-0.01875673534129307,0.1249843448013437,-1.1575116998453436
193,0.005394468937875751,0,0,300.0,-0.018837520151892398,0.12437079646685274,-1.1642826115835445
194,0.005422565130260521,0,0,300.0,-0.018913998045354142,0.12376363674558584,-1.1710745382546939
195,0.005450661322645291,0,0,300.0,-0.018986305701745414,0.1231640631046281,-1.1778875037535852
196,0.00547875751503006,0,0,300.0,-0.01905445080170144,0.12257230657889295,-1.184720566695099
197,0.00550685370741483,0,0,300.0,-0.01911471972831936,0.12199469708840462,-1.1915767547754
198,0.005534949899799599,0,0,300.0,-0.01916191109756796,0.12143285484898515,-1.198458041362082
199,0.005563046092184369,0,0,300.0,-0.019202086635206676,0.12088329951102299,-1.205360974887082
200,0.0055911422845691386,0,0,300.0,-0.019224565092890642,0.12035275414722985,-1.2122952593798941
201,0.005619238476953908,0,0,300.0,-0.01923953489277164,0.11984940759427488,-1.2192537025282855
202,0.005647334669338678,0,0,300.0,-0.019248362129307903,0.11936498664336061,-1.226233608442881
203,0.005675430861723447,0,0,300.0,-0.01924953075097764,0.11890010498080739,-1.2332379618303297
204,0.005703527054108217,0,0,300.0,-0.01924705227088179,0.11845214153528098,-1.2402643744700712
205,0.005731623246492986,0,0,300.0,-0.01924635999205851,0.11800771495090204,-1.2473063161939055
206,0.005759719438877755,0,0,300.0,-0.01924591726538418,0.11757405383601838,-1.2543702863692587
207,0.005787815631262525,0,0,300.0,-0.019244418224284746,0.11715093003494909,-1.2614531007249083
208,0.0058159118236472945,0,0,300.0,-0.01924886822406454,0.11674065549769916,-1.2685581338187817
209,0.005844008016032064,0,0,300.0,-0.019249318884912298,0.11634930717537398,-1.275681118340856
210,0.005872104208416834,0,0,300.0,-0.019247512801373334,0.11597289771112909,-1.2828227621183599
211,0.005900200400801603,0,0,300.0,-0.01924303571822163,0.11560335252291629,-1.2899835780941857
212,0.005928296593186373,0,0,300.0,-0.01923307235944161,0.11525526447385208,-1.2971645114562274
213,0.0059563927855711424,0,0,300.0,-0.019220254598000183,0.1149251894712219,-1.304364781324618
214,0.005984488977955912,0,0,300.0,-0.019206273507579967,0.11461154757983098,-1.3115855416395534
215,0.006012585170340682,0,0,300.0,-0.019190737094255512,0.11430875642929274,-1.3188253536385355
216,0.006040681362725451,0,0,300.0,-0.01917604925300437,0.11402551345154101,-1.3260858662840638
217,0.006068777555110221,0,0,300.0,-0.0191605286994542,0.1137609157159706,-1.3333681949686198
218,0.0060968737474949904,0,0,300.0,-0.019143736569586303,0.11351141916540837,-1.3406705524769509
219,0.00612496993987976,0,0,300.0,-0.019128403327361432,0.11327562969414572,-1.3479924829427488
220,0.006153066132264529,0,0,300.0,-0.019111736488588396,0.11305269473958665,-1.3553326146478883
221,0.006181162324649298,0,0,300.0,-0.019094432291945514,0.11284245666420843,-1.3626914280160136
222,0.006209258517034068,0,0,300.0,-0.019076419722977005,0.11264458376535177,-1.3700679486462517
223,0.0062373547094188376,0,0,300.0,-0.01905744234315179,0.1124584939423393,-1.377461212592616
224,0.006265450901803607,0,0,300.0,-0.01903795132359638,0.1122840366093734,-1.38487270669079
225,0.006293547094188377,0,0,300.0,-0.019014878711233675,0.11213357848229905,-1.3923067061741203
226,0.006321643286573146,0,0,300.0,-0.018988444786184996,0.1120044430897339,-1.3997579964371716
227,0.006349739478957916,0,0,300.0,-0.018959366467385434,0.111886247071904,-1.4072276308668132
228,0.0063778356713426855,0,0,300.0,-0.018928103358931348,0.11177457826718325,-1.4147144603455444
229,0.006405931863727455,0,0,300.0,-0.018893710452954907,0.11167250413329162,-1.4222177198626358
230,0.006434028056112225,0,0,300.0,-0.018857402026216427,0.111579415512865,-1.4297357404467372
231,0.006462124248496994,0,0,300.0,-0.018819218234566656,0.11149139892125315,-1.4372710043186272
232,0.006490220440881764,0,0,300.0,-0.018778560129824273,0.11141587425806562,-1.4448145875965661
233,0.0065183166332665335,0,0,300.0,-0.018735450215358378,0.11135252919849763,-1.4523662877557022
234,0.006546412825651303,0,0,300.0,-0.018690370840699928,0.11129907687796167,-1.4599283911236958
235,0.006574509018036072,0,0,300.0,-0.018644320700409844,0.11125965520250443,-1.4675063878592018
236,0.0066026052104208414,0,0,300.0,-0.018596437678226274,0.11123347980580837,-1.4750992857527334
237,0.006630701402805611,0,0,300.0,-0.018546453175764935,0.11122220091829146,-1.482703678373106
238,0.006658797595190381,0,0,300.0,-0.018496000000057782,0.1112211513892548,-1.4903202572164085
239,0.00668689378757515,0,0,300.0,-0.018443550688126385,0.11123125712043146,-1.4979488695850316
240,0.00671498997995992,0,0,300.0,-0.01838728717453478,0.11125220804024119,-1.505583904805519
241,0.006743086172344689,0,0,300.0,-0.018324615062677296,0.11128950108028741,-1.5132258784246406
242,0.006771182364729459,0,0,300.0,-0.018256403349455958,0.11133748024723669,-1.520877661270022
243,0.006799278557114229,0,0,300.0,-0.018183293803916954,0.11139533891655477,-1.5285393847928759
244,0.006827374749498998,0,0,300.0,-0.018105380351958907,0.11146425285301531,-1.5362107498946034
245,0.006855470941883768,0,0,300.0,-0.018023281299366825,0.11154341155362288,-1.543891762662613
246,0.006883567134268537,0,0,300.0,-0.017938264749968773,0.11163305081802577,-1.551582691150058
247,0.006911663326653307,0,0,300.0,-0.017850250695942364,0.11173246745874844,-1.5592838919596597
248,0.006939759519038077,0,0,300.0,-0.017760520265202834,0.1118410503827821,-1.5669935429673787
249,0.006967855711422846,0,0,300.0,-0.017667575646801676,0.1119592947071513,-1.574713073471402
250,0.006995951903807615,0,0,300.0,-0.01757318662815662,0.11208768948786943,-1.5824429849380373
251,0.0070240480961923845,0,0,300.0,-0.01747583643078186,0.11222355795230278,-1.5901813643935354
252,0.007052144288577154,0,0,300.0,-0.017377579324243945,0.11236863742117748,-1.5979286749834627
253,0.007080240480961924,0,0,300.0,-0.01727709668263217,0.11252029869518614,-1.6056855313929104
254,0.007108336673346693,0,0,300.0,-0.0171741950904121,0.11267994970259214,-1.6134510851945276
255,0.007136432865731463,0,0,300.0,-0.01706901569839934,0.11284622372696779,-1.6212252189819714
256,0.0071645290581162325,0,0,300.0,-0.01696254107143381,0.11301973222505712,-1.6290076536986375
257,0.007192625250501002,0,0,300.0,-0.016853118356506123,0.11319858497893719,-1.6367984626805814
258,0.007220721442885772,0,0,300.0,-0.01674401534888369,0.11339202736635631,-1.6445791489634056
259,0.007248817635270541,0,0,300.0,-0.016632924375247105,0.11360091411586816,-1.6523542278953005
260,0.007276913827655311,0,0,300.0,-0.016520536050511677,0.11381618640189405,-1.6601464249549875
261,0.0073050100200400805,0,0,300.0,-0.01640442559089286,0.11403372395127931,-1.6679446699082994
262,0.00733310621242485,0,0,300.0,-0.01628601354418636,0.11425173559373994,-1.6757488014098367
263,0.00736120240480962,0,0,300.0,-0.01616361700875785,0.11447023746320908,-1.683556654763031
264,0.007389298597194389,0,0,300.0,-0.016037715305112745,0.11468849923034721,-1.691371320045804
265,0.007417394789579158,0,0,300.0,-0.015910252534700367,0.1149081277435924,-1.6991913200485798
266,0.007445490981963928,0,0,300.0,-0.0157793241227011,0.11512826704060797,-1.7070169562737356
267,0.007473587174348697,0,0,300.0,-0.015646166051631546,0.11534976351355256,-1.714848634692184
268,0.007501683366733467,0,0,300.0,-0.015510253666257516,0.1155717927831073,-1.7226859590389074
269,0.007529779559118236,0,0,300.0,-0.015372759025112488,0.1157945256859713,-1.7305293190975988
270,0.007557875751503006,0,0,300.0,-0.015232245491166,0.11601822591428056,-1.7383776942718832
271,0.007585971943887776,0,0,300.0,-0.015090019487467604,0.11624171185020367,-1.746231570164418
272,0.007614068136272545,0,0,300.0,-0.014944265821370822,0.11646587143388058,-1.75408944755286
273,0.007642164328657315,0,0,300.0,-0.014798468653855566,0.11668921541784687,-1.7619516600046055
274,0.007670260521042084,0,0,300.0,-0.014650142370619321,0.11691303231002219,-1.7698186527985322
275,0.007698356713426854,0,0,300.0,-0.014499967852493476,0.11713566647207091,-1.7776898572739552
276,0.007726452905811624,0,0,300.0,-0.01434946339833822,0.1173566483213597,-1.7855658503442997
277,0.007754549098196393,0,0,300.0,-0.014195051558093521,0.11757635213015412,-1.7934468156766814
278,0.007782645290581163,0,0,300.0,-0.014041777573592824,0.11779169659624784,-1.801331688694266
279,0.007810741482965932,0,0,300.0,-0.013885737830298926,0.11800417586146429,-1.8092213642893549
280,0.007838837675350702,0,0,300.0,-0.01372901114680439,0.11821198984576138,-1.8171144893109927
281,0.007866933867735472,0,0,300.0,-0.01357060486981942,0.118417423999964,-1.8250145291855384
282,0.007895030060120241,0,0,300.0,-0.01341100045475417,0.11861912351704018,-1.8329184076013012
283,0.00792312625250501,0,0,300.0,-0.013249640016028954,0.1188196600390722,-1.8408283823679708
284,0.00795122244488978,0,0,300.0,-0.01308539336102583,0.11901764934270684,-1.8487517657120016
285,0.00797931863727455,0,0,300.0,-0.012920699831593293,0.11921886986965716,-1.8566955549402828
286,0.00800741482965932,0,0,300.0,-0.012755042879651537,0.11941992282366742,-1.864653276107206
287,0.00803551102204409,0,0,300.0,-0.012588922026763283,0.11962386592998223,-1.872628325035598
288,0.008063607214428857,0,0,300.0,-0.012420650853562372,0.11982795528929298,-1.8806183185391783
289,0.008091703406813627,0,0,300.0,-0.012250929683603673,0.12003393702159974,-1.8886203506155317
290,0.008119799599198396,0,0,300.0,-0.012078772211688949,0.1202400732238082,-1.8966381396671452
291,0.008147895791583166,0,0,300.0,-0.011905570299395813,0.12044355192070273,-1.9046683648307694
292,0.008175991983967935,0,0,300.0,-0.011730072193798513,0.12064237551967563,-1.9127067006225802
293,0.008204088176352705,0,0,300.0,-0.01155345857449907,0.12083735912503751,-1.920751777434542
294,0.008232184368737475,0,0,300.0,-0.01137863949195814,0.121023718031024,-1.9288068539440077
295,0.008260280561122244,0,0,300.0,-0.011202059307201175,0.1211855715024324,-1.9368736184822242
296,0.008288376753507014,0,0,300.0,-0.011023336863806167,0.12133332612514297,-1.944948360997021
297,0.008316472945891783,0,0,300.0,-0.010844073531706251,0.12147140520356715,-1.953028491745756
298,0.008344569138276553,0,0,300.0,-0.010665841795512514,0.12160183853517069,-1.9611120715088597
299,0.008372665330661323,0,0,300.0,-0.010485842686778995,0.121725506790222,-1.9692006849910588
300,0.008400761523046092,0,0,300.0,-0.01030549369276224,0.12184173048967513,-1.977295259848711
301,0.008428857715430862,0,0,300.0,-0.010125565493192414,0.12195107333380116,-1.985395195848716
302,0.008456953907815631,0,0,300.0,-0.00994602794220299,0.12205321629864899,-1.993497289944518
303,0.008485050100200401,0,0,300.0,-0.009766720294694954,0.1221454982247978,-2.0016018806532445
304,0.00851314629258517,0,0,300.0,-0.009588029074883509,0.12222542656672397,-2.0097039895982793
305,0.00854124248496994,0,0,300.0,-0.00941290688001024,0.12229192852094234,-2.0177886700101344
306,0.00856933867735471,0,0,300.0,-0.00923420987258054,0.12234411861341235,-2.025847979629527
307,0.00859743486973948,0,0,300.0,-0.009057177105505472,0.1223867123700991,-2.033897036272617
308,0.008625531062124249,0,0,300.0,-0.008878869573599157,0.12241730979266004,-2.0419396929040756
309,0.008653627254509019,0,0,300.0,-0.008702836405288182,0.1224343188676614,-2.049978141100183
310,0.008681723446893788,0,0,300.0,-0.008526879633737345,0.12243733228143414,-2.0580125535743554
311,0.008709819639278558,0,0,300.0,-0.008351957856512627,0.12243138545004925,-2.0660591804096264
312,0.008737915831663327,0,0,300.0,-0.00818080839017389,0.1224145755497853,-2.07410704453449
313,0.008766012024048097,0,0,300.0,-0.008011688723011468,0.1223850939709759,-2.0821576407677993
314,0.008794108216432867,0,0,300.0,-0.007846842420331259,0.12234190099899328,-2.0902078937754287
315,0.008822204408817636,0,0,300.0,-0.007685578510834132,0.12228877430413108,-2.0982550769181385
316,0.008850300601202406,0,0,300.0,-0.0075282591453593554,0.12222366783500875,-2.106299265048251
317,0.008878396793587175,0,0,300.0,-0.00737624604389827,0.12214888919195922,-2.1143423007826914
318,0.008906492985971943,0,0,300.0,-0.007229821537519321,0.12206439814427056,-2.1223893449247813
319,0.008934589178356713,0,0,300.0,-0.007085910882551872,0.12196746011925377,-2.130438534121527
320,0.008962685370741482,0,0,300.0,-0.006945970270192358,0.12186058078128774,-2.138488819557231
321,0.008990781563126252,0,0,300.0,-0.006809851898939323,0.1217431501472113,-2.1465404377690183
322,0.009018877755511022,0,0,300.0,-0.006678898589297443,0.12161934440960587,-2.1545944037449125
323,0.009046973947895791,0,0,300.0,-0.006553441984418027,0.12148643904241166,-2.1626512455976727
324,0.00907507014028056,0,0,300.0,-0.00643160628112859,0.12134643060258796,-2.170708965908377
325,0.00910316633266533,0,0,300.0,-0.006314828143664636,0.121198161555854,-2.1787679509050912
326,0.0091312625250501,0,0,300.0,-0.006201511660405993,0.12104217358206562,-2.186828419366726
327,0.00915935871743487,0,0,300.0,-0.006093079570308965,0.12087981731495316,-2.1948885366532935
328,0.00918745490981964,0,0,300.0,-0.005987053937624257,0.12071434482159646,-2.2029535210916067
329,0.009215551102204409,0,0,300.0,-0.005885642358383562,0.12054308954612722,-2.211021825403061
330,0.009243647294589178,0,0,300.0,-0.005789960262142966,0.12037224213650105,-2.2190907720777315
331,0.009271743486973948,0,0,300.0,-0.0057030000258931,0.12019790759903796,-2.2271601218283132
332,0.009299839679358718,0,0,300.0,-0.005621870985106542,0.12001964242310569,-2.2352324308034106
333,0.009327935871743487,0,0,300.0,-0.005546867253783728,0.11983685959933763,-2.2433102055876732
334,0.009356032064128257,0,0,300.0,-0.005468909202191449,0.11965368694347522,-2.251390660124945
335,0.009384128256513026,0,0,300.0,-0.005393410806210526,0.11946547509034143,-2.259477322429816
336,0.009412224448897796,0,0,300.0,-0.0053245138880897,0.11926868861632037,-2.2675698445998433
337,0.009440320641282566,0,0,300.0,-0.005259734562774449,0.11906594527051326,-2.2756690107116535
338,0.009468416833667335,0,0,300.0,-0.005200598705853961,0.11885372768535513,-2.283775141476858
339,0.009496513026052105,0,0,300.0,-0.005146798607546566,0.11863208471876413,-2.2918881260763846
340,0.009524609218436874,0,0,300.0,-0.005092216690287184,0.1184114568325067,-2.30000403841564
341,0.009552705410821644,0,0,300.0,-0.005041552680788974,0.1181803544930396,-2.308123853950922
342,0.009580801603206414,0,0,300.0,-0.004995476558211501,0.11794023153731448,-2.3162532124265818
343,0.009608897795591183,0,0,300.0,-0.004955231486964358,0.1176913445898833,-2.32438851621291
344,0.009636993987975953,0,0,300.0,-0.004919704905478006,0.11743341761933149,-2.332530653074505
345,0.009665090180360722,0,0,300.0,-0.004889199963123932,0.1171655692883392,-2.3406783864507394
346,0.009693186372745492,0,0,300.0,-0.004865454965413427,0.11688615807829214,-2.348832523931301
347,0.009721282565130262,0,0,300.0,-0.004853144659019922,0.11660158439948198,-2.3569923417982417
348,0.00974937875751503,0,0,300.0,-0.004845926737433375,0.11631185279626198,-2.365164615396419
349,0.009777474949899799,0,0,300.0,-0.004845503462400326,0.11601080325870365,-2.3733450184166442
350,0.009805571142284569,0,0,300.0,-0.004848880318385964,0.11569846340915715,-2.3815329688607645
351,0.009833667334669338,0,0,300.0,-0.00485587170418056,0.1153746014926475,-2.389732336092851
352,0.009861763527054108,0,0,300.0,-0.004868350628672407,0.11504288162654809,-2.397939787188736
353,0.009889859719438877,0,0,300.0,-0.00488634487637191,0.1146991513977801,-2.4061586178928045
354,0.009917955911823647,0,0,300.0,-0.004908933031764826,0.11434437196050917,-2.414387718055115
355,0.009946052104208417,0,0,300.0,-0.004934852336253263,0.11398050861580439,-2.4226231257157904
356,0.009974148296593186,0,0,300.0,-0.004967044170897091,0.11360059434612964,-2.4308520217301286
357,0.010002244488977956,0,0,300.0,-0.005006281175391667,0.11319010099716685,-2.43908481139611
358,0.010030340681362725,0,0,300.0,-0.005057989101600544,0.11276249973293892,-2.447329435386714
359,0.010058436873747495,0,0,300.0,-0.0051167912127847315,0.11233126797130054,-2.4555842216488117
360,0.010086533066132265,0,0,300.0,-0.005184816703685695,0.11189250464406447,-2.463845086213324
361,0.010114629258517034,0,0,300.0,-0.005260078429109493,0.11144778061793295,-2.472115710800813
362,0.010142725450901804,0,0,300.0,-0.005348170831668913,0.1110001988135013,-2.4804019389340706
363,0.010170821643286573,0,0,300.0,-0.005443692568578119,0.11054607708245799,-2.4886987227598403
364,0.010198917835671343,0,0,300.0,-0.005550274507595701,0.11008728794393652,-2.497004248989951
365,0.010227014028056113,0,0,300.0,-0.005667277340388172,0.10962291693533519,-2.50532200854973
366,0.010255110220440882,0,0,300.0,-0.005792345728328815,0.10915192656035054,-2.513653814709231
367,0.010283206412825652,0,0,300.0,-0.00592491584400028,0.10867382380890517,-2.5220036282582243
368,0.010311302605210421,0,0,300.0,-0.006066295702581025,0.10818475616905134,-2.5303637999771125
369,0.010339398797595191,0,0,300.0,-0.006215867403297325,0.10768398503850678,-2.5387360377110326
370,0.01036749498997996,0,0,300.0,-0.006369968046675122,0.10717358942772373,-2.547124212003812
371,0.01039559118236473,0,0,300.0,-0.006531715969834719,0.10665081329442622,-2.5555318569160126
372,0.0104236873747495,0,0,300.0,-0.006701033260292475,0.10611891944236938,-2.563953224766154
373,0.01045178356713427,0,0,300.0,-0.006881121157275466,0.10556576789372447,-2.572381727507982
374,0.010479879759519039,0,0,300.0,-0.007067650061955279,0.10500583638727354,-2.580818483097609
375,0.010507975951903809,0,0,300.0,-0.007255514213005476,0.10444263907045997,-2.589262570870347
376,0.010536072144288578,0,0,300.0,-0.007447705753909474,0.10387349807263599,-2.5977146858698914
377,0.010564168336673348,0,0,300.0,-0.00764570258054103,0.10330019873297613,-2.6061700393302516
378,0.010592264529058116,0,0,300.0,-0.007845250921754192,0.10272674190007305,-2.614631653836981
379,0.010620360721442885,0,0,300.0,-0.008053090295433904,0.10214326923782033,-2.623092260272909
380,0.010648456913827655,0,0,300.0,-0.008261240344140717,0.10155879408410731,-2.6315531403536445
381,0.010676553106212424,0,0,300.0,-0.008473482075455422,0.10097382065271324,-2.640003814990042
382,0.010704649298597194,0,0,300.0,-0.008689386721988757,0.10038532164363696,-2.648451072945807
383,0.010732745490981964,0,0,300.0,-0.00891372947370894,0.0997828809442266,-2.6569030488990357
384,0.010760841683366733,0,0,300.0,-0.009146171729199192,0.09916976973873626,-2.6653613620153784
385,0.010788937875751503,0,0,300.0,-0.009382850168896346,0.09854372761588785,-2.6738264169623682
386,0.010817034068136272,0,0,300.0,-0.009627413519484538,0.09790829197996345,-2.6822996852289416
387,0.010845130260521042,0,0,300.0,-0.009876013179152,0.09726397133311707,-2.690777044024995
388,0.010873226452905812,0,0,300.0,-0.010130191048059838,0.09661119936021498,-2.6992601435375305
389,0.010901322645290581,0,0,300.0,-0.010386978396042515,0.09594864775629813,-2.707750083665137
390,0.01092941883767535,0,0,300.0,-0.010650347204280817,0.09527698414749146,-2.716246846284366
391,0.01095751503006012,0,0,300.0,-0.010917174173792173,0.09459732558743236,-2.7247486726558465
392,0.01098561122244489,0,0,300.0,-0.011188542099172874,0.09391011890219234,-2.7332570198832156
393,0.01101370741482966,0,0,300.0,-0.01146319254346503,0.09321484027025562,-2.741772067369626
394,0.011041803607214429,0,0,300.0,-0.011742211483633492,0.09251280607812672,-2.750294172516433
395,0.011069899799599199,0,0,300.0,-0.012025418247449658,0.09180377528540132,-2.758822019999722
396,0.011097995991983968,0,0,300.0,-0.012311491638416293,0.09108647415014613,-2.76735473937788
397,0.011126092184368738,0,0,300.0,-0.012599655313218135,0.0903632379389835,-2.775895113142498
398,0.011154188376753508,0,0,300.0,-0.012894664595959102,0.0896306948561347,-2.7844430071759008
399,0.011182284569138277,0,0,300.0,-0.013192842268000377,0.0888924646690042,-2.792996761165684
400,0.011210380761523047,0,0,300.0,-0.013493469154504237,0.08814576218616844,-2.8015562525041395
401,0.011238476953907816,0,0,300.0,-0.013795348925666098,0.08738948978952349,-2.8101235941064298
402,0.011266573146292586,0,0,300.0,-0.014102852630027645,0.08662761951119331,-2.8186960406747787
403,0.011294669338677355,0,0,300.0,-0.014410469760886902,0.08585846673437186,-2.8272739777167835
404,0.011322765531062125,0,0,300.0,-0.014723045963767724,0.08508378693509076,-2.835857646420743
405,0.011350861723446895,0,0,300.0,-0.015037140018632563,0.08430791896690412,-2.844442174519365
406,0.011378957915831664,0,0,300.0,-0.015355248958308322,0.08352927996560562,-2.8530267620256238
407,0.011407054108216434,0,0,300.0,-0.01567675414286535,0.08275016138252081,-2.861612454668222
408,0.011435150300601202,0,0,300.0,-0.016003657724184807,0.08196569247085625,-2.870200172352277
409,0.011463246492985971,0,0,300.0,-0.01633157568571172,0.0811763873899921,-2.878789595947061
410,0.011491342685370741,0,0,300.0,-0.016661538936451472,0.08038294546344872,-2.887381649349156
411,0.01151943887775551,0,0,300.0,-0.01699148038032227,0.07958711061386424,-2.895974726355742
412,0.01154753507014028,0,0,300.0,-0.017325270016501776,0.07878449976143748,-2.9045722524858673
413,0.01157563126252505,0,0,300.0,-0.01765884361308286,0.0779811523973184,-2.9131709443167164
414,0.01160372745490982,0,0,300.0,-0.017993974651883144,0.07716880422416755,-2.921773862393693
415,0.011631823647294589,0,0,300.0,-0.01833205937364287,0.07635365906470004,-2.9303747155699735
416,0.011659919839679359,0,0,300.0,-0.018671460001852536,0.07553072288647265,-2.938977716013474
417,0.011688016032064128,0,0,300.0,-0.019010863259190266,0.07470407066469255,-2.947579442944898
418,0.011716112224448898,0,0,300.0,-0.019354329304998346,0.07387253568434894,-2.956182872730606
419,0.011744208416833667,0,0,300.0,-0.019694089889755254,0.07303543019599015,-2.964785977198358
420,0.011772304609218437,0,0,300.0,-0.020035082232195342,0.07219109447108683,-2.973395842849514
421,0.011800400801603207,0,0,300.0,-0.02037932337115106,0.07133947553708003,-2.982008464826374
422,0.011828496993987976,0,0,300.0,-0.020724976700759384,0.07047913000561602,-2.9906246470327633
423,0.011856593186372746,0,0,300.0,-0.02107025604834872,0.06960854955048916,-2.999242723398649
424,0.011884689378757515,0,0,300.0,-0.021417281491041038,0.06872935245351537,-3.0078655484782346
425,0.011912785571142285,0,0,300.0,-0.021763352638428,0.06784372741424184,-3.0164864018152384
426,0.011940881763527054,0,0,300.0,-0.02210961340542342,0.06695200207083954,-3.0251071075313836
427,0.011968977955911824,0,0,300.0,-0.022455516613178825,0.0660519972679416,-3.033728155970459
428,0.011997074148296594,0,0,300.0,-0.022801674152802712,0.06514307778212342,-3.0423511071681624
429,0.012025170340681363,0,0,300.0,-0.023148214878198233,0.06423257696641403,-3.050974586612454
430,0.012053266533066133,0,0,300.0,-0.023511112366240164,0.0633476601888,-3.0596020525607215
431,0.012081362725450902,0,0,300.0,-0.023871662011912057,0.06246195426591073,-3.06822466102799
432,0.012109458917835672,0,0,300.0,-0.02422686827148333,0.06157333364034477,-3.076839220049476
433,0.012137555110220442,0,0,300.0,-0.024577562862675033,0.06069937689557297,-3.0854357163941977
434,0.012165651302605211,0,0,300.0,-0.024927683497613064,0.05982616562003432,-3.094022830294474
435,0.012193747494989981,0,0,300.0,-0.025269876543368115,0.0589513317984001,-3.102602267876817
436,0.01222184368737475,0,0,300.0,-0.025610559245579208,0.05807484687692931,-3.1111749511965034
437,0.01224993987975952,0,0,300.0,-0.02594822320259972,0.057192554267380555,-3.11974162176272
438,0.012278036072144288,0,0,300.0,-0.02628070189262181,0.056310003766095774,-3.1283023800828706
439,0.012306132264529058,0,0,300.0,-0.026601273145649633,0.05541440747672748,-3.136858660868813
440,0.012334228456913827,0,0,300.0,-0.026918283891870447,0.05450836348247422,-3.1454025359856623
441,0.012362324649298597,0,0,300.0,-0.02723031384503097,0.053597146794447284,-3.1539425911969916
442,0.012390420841683366,0,0,300.0,-0.02753944188926468,0.05267648515725926,-3.1624820400538614
443,0.012418517034068136,0,0,300.0,-0.02784546314194529,0.05174766531041792,-3.171019983866654
444,0.012446613226452906,0,0,300.0,-0.028151129276604986,0.0508130893570374,-3.179558593473714
445,0.012474709418837675,0,0,300.0,-0.028452753983033575,0.04986994425546368,-3.1880969466638462
446,0.012502805611222445,0,0,300.0,-0.02875636769200561,0.04891882951705314,-3.1966374974588088
447,0.012530901803607214,0,0,300.0,-0.029052153123410925,0.047963650138726326,-3.205178767199041
448,0.012558997995991984,0,0,300.0,-0.0293417055149932,0.04700493057397367,-3.213720885178159
449,0.012587094188376753,0,0,300.0,-0.029630078673057246,0.04603996579882522,-3.222263018845776
450,0.012615190380761523,0,0,300.0,-0.02990931905016632,0.04507920209027272,-3.2308060608315228
451,0.012643286573146293,0,0,300.0,-0.030171398267765864,0.044136443226454575,-3.239354899484767
452,0.012671382765531062,0,0,300.0,-0.030429795135115484,0.04320234858595159,-3.2479052580648946
453,0.012699478957915832,0,0,300.0,-0.03068314120563967,0.042272451525369806,-3.256453310844511
454,0.012727575150300601,0,0,300.0,-0.030934917844468834,0.041337733279418094,-3.2650015714091714
455,0.012755671342685371,0,0,300.0,-0.03118468837156771,0.040402317769226134,-3.2735474262738813
456,0.01278376753507014,0,0,300.0,-0.031431480002800945,0.03945757370935669,-3.282096535739276
457,0.01281186372745491,0,0,300.0,-0.031677059020384354,0.03851035130841501,-3.2906415954238035
458,0.01283995991983968,0,0,300.0,-0.03191976929475207,0.037554655038575836,-3.2991839868379738
459,0.01286805611222445,0,0,300.0,-0.032158199341193835,0.036593142539771646,-3.3077268144799237
460,0.012896152304609219,0,0,300.0,-0.03239576533506312,0.035622995159171396,-3.3162658905356346
461,0.012924248496993989,0,0,300.0,-0.03263695704212517,0.034646670855096706,-3.3247917541947727
462,0.012952344689378758,0,0,300.0,-0.03287636090579886,0.03366313543537454,-3.3333002795168567
463,0.012980440881763528,0,0,300.0,-0.0331100839437298,0.032670983961367014,-3.3417917303845517
464,0.013008537074148297,0,0,300.0,-0.03333693576724715,0.03167118016060113,-3.3502673349081107
465,0.013036633266533067,0,0,300.0,-0.03355814141143979,0.03065456126336867,-3.3587278172651693
466,0.013064729458917837,0,0,300.0,-0.033779251648366336,0.029631682094938,-3.3671764888857014
467,0.013092825651302606,0,0,300.0,-0.03399374902837154,0.028598883343577946,-3.3756166418985782
468,0.013120921843687374,0,0,300.0,-0.034200441506746344,0.027552313777657815,-3.384042775841719
469,0.013149018036072144,0,0,300.0,-0.034406211248307075,0.02648958464778483,-3.392459402513574
470,0.013177114228456913,0,0,300.0,-0.034610698441128504,0.025414839576089768,-3.40085898928859
471,0.013205210420841683,0,0,300.0,-0.03480897059697679,0.024325465646380814,-3.40923826335609
472,0.013233306613226452,0,0,300.0,-0.03500594619368615,0.023220746313579958,-3.4175995042315206
473,0.013261402805611222,0,0,300.0,-0.035194002429183344,0.0220949772907233,-3.4259486892427304
474,0.013289498997995992,0,0,300.0,-0.035376283671773166,0.020953248063103794,-3.4342777785933887
475,0.013317595190380761,0,0,300.0,-0.035554559751034304,0.01979174565379484,-3.4425915080578195
476,0.013345691382765531,0,0,300.0,-0.035726037828853155,0.018613161871194144,-3.4508892842079866
477,0.0133737875751503,0,0,300.0,-0.03588850234507384,0.017415884819575525,-3.4591691670361002
478,0.01340188376753507,0,0,300.0,-0.03605007189551891,0.01620849089085088,-3.4674352535700352
479,0.01342997995991984,0,0,300.0,-0.03620751029907593,0.014991838460498123,-3.4756770655694256
480,0.01345807615230461,0,0,300.0,-0.03635886961223383,0.013761455401544375,-3.4838917658311983
481,0.013486172344689379,0,0,300.0,-0.03650884564059418,0.012516947352605242,-3.492079809170996
482,0.013514268537074148,0,0,300.0,-0.03664641290284524,0.01125221491508085,-3.500240615823678
483,0.013542364729458918,0,0,300.0,-0.036782395457014117,0.009967730781059465,-3.508381814553234
484,0.013570460921843688,0,0,300.0,-0.03691536005529665,0.008659489773621196,-3.516501326604911
485,0.013598557114228457,0,0,300.0,-0.03704650058830274,0.007328433935067096,-3.5246007932598697
486,0.013626653306613227,0,0,300.0,-0.03717242788910131,0.005964169264759171,-3.532686974465534
487,0.013654749498997996,0,0,300.0,-0.037294103476747574,0.004569149439454108,-3.540761022642989
488,0.013682845691382766,0,0,300.0,-0.037414874321418004,0.0031356908266476323,-3.5488210009725325
489,0.013710941883767536,0,0,300.0,-0.03752937241524898,0.001663714161561046,-3.556868454690731
490,0.013739038076152305,0,0,300.0,-0.03764206409248082,0.000145133928923741,-3.5649080298847755
491,0.013767134268537075,0,0,300.0,-0.03774584426296151,-0.0014173741467820022,-3.572938051440462
492,0.013795230460921844,0,0,300.0,-0.03784517475660171,-0.0030302333351345323,-3.580960134548386
493,0.013823326653306614,0,0,300.0,-0.037935723773302565,-0.004686840817595922,-3.5889743995579466
494,0.013851422845691384,0,0,300.0,-0.038026749548508494,-0.006393843324875376,-3.5969766810375745
495,0.013879519038076153,0,0,300.0,-0.038107347942658576,-0.008153515261945913,-3.6049748329600506
496,0.013907615230460923,0,0,300.0,-0.038182732417075704,-0.009960207666366244,-3.612968441167525
497,0.013935711422845692,0,0,300.0,-0.038246249132750744,-0.011816572570385162,-3.6209578596425187
498,0.01396380761523046,0,0,300.0,-0.03830728646593259,-0.013730251783997269,-3.628945383971198
499,0.01399190380761523,0,0,300.0,-0.0383603809560328,-0.015701967747254856,-3.6369331309574
500,0.01402,0,0,300.0,-0.03840475209775762,-0.01772780115197056,-3.644921823794435
501,0.014048096192384769,0,0,300.0,-0.03844228153747651,-0.019810998982804164,-3.6529048672625577
502,0.014076192384769539,0,0,300.0,-0.03847346863140167,-0.021955411233490457,-3.660890839994992
503,0.014104288577154308,0,0,300.0,-0.03849904558206436,-0.02416089310313257,-3.6688729777201683
504,0.014132384769539078,0,0,300.0,-0.038513933627684835,-0.02642574800137397,-3.676852356525863
505,0.014160480961923847,0,0,300.0,-0.03851833010429294,-0.02874867328250327,-3.6847673376762096
506,0.014188577154308617,0,0,300.0,-0.03851224587851337,-0.03112894383321391,-3.692636857819209
507,0.014216673346693387,0,0,300.0,-0.03849608627501,-0.03357515874184854,-3.700480062409739
508,0.014244769539078156,0,0,300.0,-0.03846822777927908,-0.03608876087472675,-3.708296013054035
509,0.014272865731462926,0,0,300.0,-0.03841917797267585,-0.038674858643385504,-3.716093288255683
510,0.014300961923847695,0,0,300.0,-0.03836251766838141,-0.041339767103833816,-3.7238702413123885
511,0.014329058116232465,0,0,300.0,-0.038291629592044824,-0.04408305262226172,-3.7316274729028396
512,0.014357154308617235,0,0,300.0,-0.038210539029543314,-0.046907236815273014,-3.7393731224990434
513,0.014385250501002004,0,0,300.0,-0.03811142239523491,-0.04980949752375446,-3.747104724193548
514,0.014413346693386774,0,0,300.0,-0.03800279447994935,-0.052796359438287595,-3.754818450996452
515,0.014441442885771543,0,0,300.0,-0.037882915170555524,-0.055870788467346284,-3.7625103662861528
516,0.014469539078156313,0,0,300.0,-0.037748719661530226,-0.05903108249672327,-3.7701948734861452
517,0.014497635270541083,0,0,300.0,-0.03760091568773813,-0.06227943471969801,-3.777867344134884
518,0.014525731462925852,0,0,300.0,-0.03744384849477304,-0.06561674246855577,-3.7855367404691065
519,0.014553827655310622,0,0,300.0,-0.03727182207061313,-0.06904203262178311,-3.793188460095461
520,0.014581923847695391,0,0,300.0,-0.037085394712978885,-0.07256069167011282,-3.8008386164404566
521,0.014610020040080161,0,0,300.0,-0.036888118842220194,-0.07617399338412499,-3.808478815714418
522,0.01463811623246493,0,0,300.0,-0.03667512971557856,-0.07987788084355023,-3.8161215265633914
523,0.0146662124248497,0,0,300.0,-0.03644706577673884,-0.0836781488309388,-3.8237663551184005
524,0.01469430861723447,0,0,300.0,-0.03619460913186029,-0.08756994287753235,-3.8314236973091123
525,0.01472240480961924,0,0,300.0,-0.03592868498352614,-0.09156282725584056,-3.8390808753203225
526,0.014750501002004009,0,0,300.0,-0.03564404127141815,-0.09565424164183171,-3.8467512937375945
527,0.014778597194388779,0,0,300.0,-0.035332087046435263,-0.09985872931747938,-3.8543681706237103
528,0.014806693386773548,0,0,300.0,-0.03500398452971795,-0.10417705718055063,-3.8619615329433215
529,0.014834789579158316,0,0,300.0,-0.034666829122064494,-0.10859657495637426,-3.8695505322934918
530,0.014862885771543086,0,0,300.0,-0.034310809561463644,-0.11312160826856535,-3.877143207457436
531,0.014890981963927855,0,0,300.0,-0.03393771122371008,-0.11775498230041642,-3.8847416049291006
532,0.014919078156312625,0,0,300.0,-0.03354772435967438,-0.12249311168090003,-3.8923609295406467
533,0.014947174348697394,0,0,300.0,-0.03313589515710881,-0.12734567698548074,-3.8999958208597154
534,0.014975270541082164,0,0,300.0,-0.03270122411162525,-0.13230841131443033,-3.9076678336586577
535,0.015003366733466934,0,0,300.0,-0.032242481500720246,-0.13738268581592916,-3.915332354539109
536,0.015031462925851703,0,0,300.0,-0.03176603340251782,-0.14258891858573272,-3.923019550019045
537,0.015059559118236473,0,0,300.0,-0.031271597437707,-0.1479100623257704,-3.9307362399915573
538,0.015087655310621242,0,0,300.0,-0.03076665009353177,-0.15336135696068187,-3.9384875111877142
539,0.015115751503006012,0,0,300.0,-0.03023639874030855,-0.15895381480324713,-3.9462611420751084
540,0.015143847695390782,0,0,300.0,-0.029696145703938925,-0.16468021145716427,-3.9540709972581
541,0.015171943887775551,0,0,300.0,-0.029139634649524102,-0.17052719652475792,-3.9619292864553297
542,0.01520004008016032,0,0,300.0,-0.02856140617218437,-0.17650221478534972,-3.969834310932617
543,0.01522813627254509,0,0,300.0,-0.02795738424008176,-0.18262413213454934,-3.977765060351985
544,0.01525623246492986,0,0,300.0,-0.027331857195022416,-0.18888169469164245,-3.98573519828761
545,0.01528432865731463,0,0,300.0,-0.026690785967820867,-0.1952678655512525,-3.993752442624359
546,0.0153124248496994,0,0,300.0,-0.026026872885974772,-0.20179816414669108,-4.001809355122732
547,0.015340521042084169,0,0,300.0,-0.025352275773288618,-0.20846673644583627,-4.009917186463964
548,0.015368617234468938,0,0,300.0,-0.02465532365078939,-0.21528604305115123,-4.018054356833659
549,0.015396713426853708,0,0,300.0,-0.023946466615589437,-0.22224031948287926,-4.026203855942336
550,0.015424809619238478,0,0,300.0,-0.023220661639645417,-0.22933260209855694,-4.034393586357457
551,0.015452905811623247,0,0,300.0,-0.022468647512993038,-0.23658751134584707,-4.042600685144242
552,0.015481002004008017,0,0,300.0,-0.02169181331360967,-0.2439957155100017,-4.050853412927138
553,0.015509098196392786,0,0,300.0,-0.02089079609201497,-0.2515559513056985,-4.059147079628574
554,0.015537194388777556,0,0,300.0,-0.020070132981007797,-0.2592850104845763,-4.067460074547432
555,0.015565290581162326,0,0,300.0,-0.019205588271929492,-0.26720228764417997,-4.075780604172688
556,0.015593386773547095,0,0,300.0,-0.01831864284285402,-0.27528968711123447,-4.084155870853303
557,0.015621482965931865,0,0,300.0,-0.017404570817148912,-0.28355700406266576,-4.092589741597686
558,0.015649579158316634,0,0,300.0,-0.016465023940243115,-0.29199433745100034,-4.101100960205907
559,0.015677675350701404,0,0,300.0,-0.015502661176048036,-0.30060087272387126,-4.109672286423276
560,0.015705771543086174,0,0,300.0,-0.014521523618600232,-0.30939653444235093,-4.118301685605138
561,0.015733867735470943,0,0,300.0,-0.013529990852499668,-0.31835111493113605,-4.127025570196717
562,0.015761963927855713,0,0,300.0,-0.012524340260669235,-0.3274533883809443,-4.135843386831742
563,0.015790060120240482,0,0,300.0,-0.01149069877708891,-0.3367134808800121,-4.144763190829398
564,0.015818156312625252,0,0,300.0,-0.010451452056174653,-0.34612533273734025,-4.153786638441724
565,0.01584625250501002,0,0,300.0,-0.009392235965406535,-0.3556742739744819,-4.162926602605619
566,0.01587434869739479,0,0,300.0,-0.008311629245702824,-0.36536583908362363,-4.17218651381949
567,0.01590244488977956,0,0,300.0,-0.007210397623413757,-0.3752024905454659,-4.181568611018931
568,0.01593054108216433,0,0,300.0,-0.006091020454883904,-0.38517785795753,-4.1910706806309825
569,0.0159586372745491,0,0,300.0,-0.004954214516689877,-0.3952952440261885,-4.200693549289563
570,0.01598673346693387,0,0,300.0,-0.0037988947077081292,-0.4055504278400424,-4.210442937103146
571,0.01601482965931864,0,0,300.0,-0.0026291450633069324,-0.41594401033726014,-4.220315406762785
572,0.01604292585170341,0,0,300.0,-0.0014267481728310835,-0.42648936849399405,-4.230320227245102
573,0.01607102204408818,0,0,300.0,-0.00020425275476616012,-0.4371857579988085,-4.2404489082573615
574,0.016099118236472944,0,0,300.0,0.0010389121832615445,-0.4480228757256943,-4.250714636926783
575,0.016127214428857714,0,0,300.0,0.002299726323659357,-0.4590048006402044,-4.261121518281403
576,0.016155310621242484,0,0,300.0,0.003574048975012937,-0.47012699927549645,-4.271664971340846
577,0.016183406813627253,0,0,300.0,0.004867730335796686,-0.4813844328812714,-4.282354831879133
578,0.016211503006012023,0,0,300.0,0.006173567488817724,-0.49281184903909847,-4.293230602009779
579,0.016239599198396792,0,0,300.0,0.00750212648757946,-0.5043885558335849,-4.304271508505227
580,0.016267695390781562,0,0,300.0,0.008842603631556489,-0.5161059173384888,-4.315475245195447
581,0.01629579158316633,0,0,300.0,0.010204708567023572,-0.5279681618408159,-4.326839380555705
582,0.0163238877755511,0,0,300.0,0.01158232941436439,-0.5399772089477121,-4.338355352037491
583,0.01635198396793587,0,0,300.0,0.012979324121356559,-0.5521583653206712,-4.350027488256599
584,0.01638008016032064,0,0,300.0,0.014401182290114044,-0.5645133504446362,-4.361849478620939
585,0.01640817635270541,0,0,300.0,0.015839204052696062,-0.5770264711517332,-4.373830894234092
586,0.01643627254509018,0,0,300.0,0.017303951891627763,-0.5897172650561858,-4.385967930611663
587,0.01646436873747495,0,0,300.0,0.01877739640419369,-0.6025822808407816,-4.398273217019226
588,0.01649246492985972,0,0,300.0,0.020276735940290776,-0.6156055525165355,-4.410726674896831
589,0.01652056112224449,0,0,300.0,0.021790667849678643,-0.6287875300337011,-4.4233491336552255
590,0.016548657314629258,0,0,300.0,0.023327922873623157,-0.6421155712528619,-4.436132626284246
591,0.016576753507014028,0,0,300.0,0.024879785485770866,-0.6555952032730438,-4.449078695556736
592,0.016604849699398797,0,0,300.0,0.02646018675338777,-0.6692045173705503,-4.462194639565576
593,0.016632945891783567,0,0,300.0,0.02805544268381253,-0.6829744835142936,-4.475478564601096
594,0.016661042084168336,0,0,300.0,0.029663401299810883,-0.6968997025926241,-4.488932834323947
595,0.016689138276553106,0,0,300.0,0.03129595964373838,-0.7109602180948676,-4.502555676636036
596,0.016717234468937876,0,0,300.0,0.032944627852106806,-0.7251600312045771,-4.516359336292555
597,0.016745330661322645,0,0,300.0,0.034611276375550594,-0.7395151672439005,-4.530344781555643
598,0.016773426853707415,0,0,300.0,0.036294214664115414,-0.7540086433359531,-4.5445030163929525
599,0.016801523046092184,0,0,300.0,0.03799632353324321,-0.768638070841623,-4.558849025994589
600,0.016829619238476954,0,0,300.0,0.039711236734554234,-0.783416313328018,-4.573387799473723
601,0.016857715430861724,0,0,300.0,0.04142871130051343,-0.7983649326189161,-4.588095329582749
602,0.016885811623246493,0,0,300.0,0.043159951142423235,-0.8134632700667905,-4.602977048790032
603,0.016913907815631263,0,0,300.0,0.04489589584220929,-0.8287076766239001,-4.618049988874043
604,0.016942004008016032,0,0,300.0,0.04664751497308767,-0.8440956409052756,-4.633325499845692
605,0.016970100200400802,0,0,300.0,0.04841042700658078,-0.859622227724952,-4.64879267464662
606,0.01699819639278557,0,0,300.0,0.05016928196734888,-0.8752969251629177,-4.664461668651815
607,0.01702629258517034,0,0,300.0,0.051931941806042756,-0.8911248588979592,-4.680377983037274
608,0.01705438877755511,0,0,300.0,0.05370435446944617,-0.9071047326652899,-4.696491402570084
609,0.01708248496993988,0,0,300.0,0.055475774175567795,-0.9232265243819301,-4.712793056575768
610,0.01711058116232465,0,0,300.0,0.057255427123183864,-0.9394913369210264,-4.729301308169154
611,0.01713867735470942,0,0,300.0,0.059051561692691254,-0.9558922884111942,-4.746014483583174
612,0.01716677354709419,0,0,300.0,0.06086848789098885,-0.97242219995348,-4.762945988516254
613,0.01719486973947896,0,0,300.0,0.06270307920029804,-0.9890880701449338,-4.780111183545378
614,0.01722296593186373,0,0,300.0,0.06455825672734598,-1.0059089808550823,-4.797489499832036
615,0.017251062124248498,0,0,300.0,0.06641492068845146,-1.0228782532573528,-4.815101416157886
616,0.017279158316633268,0,0,300.0,0.06829117030766718,-1.0399805008053276,-4.832947991313782
617,0.017307254509018037,0,0,300.0,0.07018346802104725,-1.0572109920073383,-4.851030167387106
618,0.017335350701402807,0,0,300.0,0.0720818585563072,-1.07457257423698,-4.869364533603033
619,0.017363446893787576,0,0,300.0,0.07399744836324752,-1.092073724629839,-4.88796279502103
620,0.017391543086172346,0,0,300.0,0.07592728708542368,-1.1097094250323671,-4.906837408765648
621,0.017419639278557116,0,0,300.0,0.07786462399204433,-1.1274700565825575,-4.9259728117900945
622,0.017447735470941885,0,0,300.0,0.07981183954770371,-1.1453400328570953,-4.945371188842417
623,0.017475831663326655,0,0,300.0,0.08176423242509874,-1.1633142153716671,-4.965032390188319
624,0.017503927855711424,0,0,300.0,0.08373066825742784,-1.1813983682205775,-4.984959477733786
625,0.017532024048096194,0,0,300.0,0.08571342547516018,-1.199577239065251,-5.005156329128739
626,0.017560120240480964,0,0,300.0,0.08769108630302043,-1.2178736947338595,-5.02562436748224
627,0.017588216432865733,0,0,300.0,0.08968351198805413,-1.2362728016282045,-5.046395049935106
628,0.017616312625250503,0,0,300.0,0.09165601998244596,-1.2547836395056278,-5.06746347961448
629,0.017644408817635272,0,0,300.0,0.09363591339432137,-1.2733780193720805,-5.088811626784883
630,0.017672505010020042,0,0,300.0,0.09561455512158556,-1.2920642026500493,-5.11046038964527
631,0.01770060120240481,0,0,300.0,0.09760268705201827,-1.310824287102681,-5.132404452745255
632,0.01772869739478958,0,0,300.0,0.09958667287938351,-1.3296580545340497,-5.1546540838184916
633,0.01775679358717435,0,0,300.0,0.10157533368525276,-1.3485621399239585,-5.177198499966884
634,0.017784889779559117,0,0,300.0,0.10356020447113172,-1.3675400875649653,-5.200059157639089
635,0.017812985971943886,0,0,300.0,0.10555195877401106,-1.386606416436378,-5.223230641369499
636,0.017841082164328656,0,0,300.0,0.10754158160725794,-1.405727904588073,-5.246732385692684
637,0.017869178356713426,0,0,300.0,0.10953526119486331,-1.4249235370338575,-5.270559611973328
638,0.017897274549098195,0,0,300.0,0.11154764024879342,-1.4441865729462722,-5.294717095669263
639,0.017925370741482965,0,0,300.0,0.1135551380700207,-1.4635136285964458,-5.319217847188136
640,0.017953466933867734,0,0,300.0,0.115571519613031,-1.4829368650858905,-5.344061613336549
641,0.017981563126252504,0,0,300.0,0.11758536272260847,-1.5024574154538237,-5.369253196921653
642,0.018009659318637274,0,0,300.0,0.11960091905215162,-1.5220215452609722,-5.3947804445121355
643,0.018037755511022043,0,0,300.0,0.12161321864741045,-1.5416346550335336,-5.420690888337255
644,0.018065851703406813,0,0,300.0,0.12362506148917575,-1.5612920334303884,-5.447017790458572
645,0.018093947895791582,0,0,300.0,0.12561182085685807,-1.5810524447317527,-5.473862237507821
646,0.018122044088176352,0,0,300.0,0.12758610912604343,-1.6008894898889547,-5.501155707506298
647,0.01815014028056112,0,0,300.0,0.12954958252870108,-1.6207644436105606,-5.528923797415352
648,0.01817823647294589,0,0,300.0,0.13151981470957128,-1.6406674952492348,-5.557149720739044
649,0.01820633266533066,0,0,300.0,0.13347473851058067,-1.6605633593878157,-5.585787018093496
650,0.01823442885771543,0,0,300.0,0.13543647803965936,-1.6804270925346714,-5.614829376156724
651,0.0182625250501002,0,0,300.0,0.13740839362034366,-1.7002632813026017,-5.644290394624982
652,0.01829062124248497,0,0,300.0,0.13938821236753796,-1.720053917252188,-5.6741701697562
653,0.01831871743486974,0,0,300.0,0.1413568149874203,-1.739784510359498,-5.70447147688608
654,0.01834681362725451,0,0,300.0,0.1433422007940922,-1.7594740752897673,-5.735213863587761
655,0.01837490981963928,0,0,300.0,0.1453336501795312,-1.779121948993893,-5.766383046663171
656,0.018403006012024048,0,0,300.0,0.1473086524889321,-1.7986971534658638,-5.797969118779915
657,0.018431102204408818,0,0,300.0,0.14928343793792986,-1.8182074357657672,-5.829977033080579
658,0.018459198396793587,0,0,300.0,0.15125759588863313,-1.8376299357472425,-5.862407444404299
659,0.018487294589178357,0,0,300.0,0.15321601181386824,-1.8569638812741178,-5.895282292901622
660,0.018515390781563126,0,0,300.0,0.15517926383893724,-1.8762104016694698,-5.92857858070292
661,0.018543486973947896,0,0,300.0,0.1571242402763204,-1.8953546627380928,-5.962331273317969
662,0.018571583166332666,0,0,300.0,0.15905565682985714,-1.9144051308371082,-5.99653876732211
663,0.018599679358717435,0,0,300.0,0.1609656836166586,-1.9333460395634932,-6.031221722617515
664,0.018627775551102205,0,0,300.0,0.16286871583897472,-1.9521505563685737,-6.066389093071904
665,0.018655871743486974,0,0,300.0,0.16475850586636837,-1.9708371384128718,-6.101989180229233
666,0.018683967935871744,0,0,300.0,0.166642288130532,-1.9893941480544814,-6.138022619032851
667,0.018712064128256514,0,0,300.0,0.16851098477254875,-2.0078024634992717,-6.174489347584679
668,0.018740160320641283,0,0,300.0,0.17038036862266862,-2.0260735620602346,-6.211376813857721
669,0.018768256513026053,0,0,300.0,0.1722370216214822,-2.044187253110098,-6.248682851314458
670,0.018796352705410822,0,0,300.0,0.17408292981980292,-2.062163344056661,-6.286410854185163
671,0.018824448897795592,0,0,300.0,0.17591393071094297,-2.0799993762188564,-6.324547482911389
672,0.01885254509018036,0,0,300.0,0.1777170139109459,-2.0976889849452016,-6.363117894640909
673,0.01888064128256513,0,0,300.0,0.17949936051926324,-2.1152403195166007,-6.402097330295176
674,0.0189087374749499,0,0,300.0,0.18127805709885514,-2.132636315326495,-6.441512798477025
675,0.01893683366733467,0,0,300.0,0.1830267249170786,-2.1498554912732413,-6.48135237153813
676,0.01896492985971944,0,0,300.0,0.1847584911710573,-2.166904532936367,-6.5216352578882635
677,0.01899302605210421,0,0,300.0,0.1864882232751247,-2.183790181798977,-6.562327462539643
678,0.01902112224448898,0,0,300.0,0.18818063633405074,-2.200505480303497,-6.603447465181987
679,0.01904921843687375,0,0,300.0,0.1898882088346241,-2.2170628352122104,-6.644995547659014
680,0.01907731462925852,0,0,300.0,0.19155485335595518,-2.233458679949248,-6.686981853596622
681,0.019105410821643288,0,0,300.0,0.1932000075424332,-2.249685741172119,-6.729387355551622
682,0.019133507014028057,0,0,300.0,0.19482741436361256,-2.2657347025442323,-6.772218415620521
683,0.019161603206412827,0,0,300.0,0.1964243122714006,-2.2816033608387043,-6.815470698202353
684,0.019189699398797597,0,0,300.0,0.19799748185291985,-2.297298175176244,-6.8591487933566695
685,0.019217795591182366,0,0,300.0,0.19954520776536527,-2.312791731172648,-6.903252324823187
686,0.019245891783567136,0,0,300.0,0.20106784257070753,-2.3280707707540085,-6.947769857958668
687,0.019273987975951905,0,0,300.0,0.20258517808943538,-2.3431640451532076,-6.992712002493498
688,0.019302084168336675,0,0,300.0,0.20408574903755464,-2.358066568418043,-7.038071759127791
689,0.019330180360721445,0,0,300.0,0.20555266054260748,-2.37277288035782,-7.083848250674566
690,0.019358276553106214,0,0,300.0,0.20697830589736674,-2.38727983145132,-7.130056810850136
691,0.019386372745490984,0,0,300.0,0.2083778122350421,-2.401578865646519,-7.17669976181092
692,0.019414468937875753,0,0,300.0,0.209737227936412,-2.4156882139663294,-7.223797674858811
693,0.019442565130260523,0,0,300.0,0.21106119565356873,-2.42959852085703,-7.271347183901489
694,0.01947066132264529,0,0,300.0,0.21235047137943533,-2.443294864231095,-7.319347411717032
695,0.01949875751503006,0,0,300.0,0.21357894190809032,-2.4567547256765647,-7.367882330908102
696,0.01952685370741483,0,0,300.0,0.2147578470941222,-2.469992905226779,-7.416966422148213
697,0.019554949899799598,0,0,300.0,0.21592493946966201,-2.482984763265932,-7.466543106337746
698,0.019583046092184368,0,0,300.0,0.2170454198739002,-2.495753209300888,-7.51662005896829
699,0.019611142284569137,0,0,300.0,0.2181140394125041,-2.508288226293077,-7.567155848566004
700,0.019639238476953907,0,0,300.0,0.2191465537050651,-2.52058876743184,-7.618118084363711
701,0.019667334669338676,0,0,300.0,0.22012731446517045,-2.532645431718102,-7.669478145807916
702,0.019695430861723446,0,0,300.0,0.22107453351697257,-2.5444551264484923,-7.721271449538058
703,0.019723527054108216,0,0,300.0,0.221992317587792,-2.5560229405144663,-7.773463802735786
704,0.019751623246492985,0,0,300.0,0.22288149530811788,-2.5673420457336915,-7.826052092964477
705,0.019779719438877755,0,0,300.0,0.22373189419901876,-2.5783961811521867,-7.879107571266135
706,0.019807815631262524,0,0,300.0,0.22453971228272013,-2.5891848501718986,-7.932613751178151
707,0.019835911823647294,0,0,300.0,0.22533251414429378,-2.599712115280005,-7.986550438791651
708,0.019864008016032064,0,0,300.0,0.22607152977952413,-2.609947754059813,-8.040882590566898
709,0.019892104208416833,0,0,300.0,0.22673989773109027,-2.619880973668544,-8.095651948806157
710,0.019920200400801603,0,0,300.0,0.2274082184092381,-2.6295488007476484,-8.150789255324165
711,0.019948296593186372,0,0,300.0,0.22801620556827862,-2.638930744047345,-8.206346971770602
712,0.019976392785571142,0,0,300.0,0.22854090185045475,-2.6480318944035197,-8.262306900561514
713,0.02000448897795591,0,0,300.0,0.22904287087588335,-2.6568300737394566,-8.31862819168939
714,0.02003258517034068,0,0,300.0,0.22951955848466332,-2.6653335673471092,-8.37531584110697
715,0.02006068136272545,0,0,300.0,0.2299585912969967,-2.6735653055451474,-8.432360099671252
716,0.02008877755511022,0,0,300.0,0.23035600502863082,-2.681500607915023,-8.489745552438052
717,0.02011687374749499,0,0,300.0,0.2307214616626715,-2.6891238691502704,-8.54748645828278
718,0.02014496993987976,0,0,300.0,0.23102233659651533,-2.6964400049533395,-8.605571607897232
719,0.02017306613226453,0,0,300.0,0.23129309122442993,-2.7034091969065663,-8.664026096325381
720,0.0202011623246493,0,0,300.0,0.23151717391329488,-2.7100439587252385,-8.722798151606614
721,0.02022925851703407,0,0,300.0,0.231717158020638,-2.716340472148242,-8.781898907510186
722,0.020257354709418838,0,0,300.0,0.2318673638770343,-2.722303949086944,-8.841341695791233
723,0.020285450901803607,0,0,300.0,0.2319947329652818,-2.727904260177398,-8.901095248758724
724,0.020313547094188377,0,0,300.0,0.23209435352767036,-2.7331366552318133,-8.961180051830421
725,0.020341643286573147,0,0,300.0,0.23215325397959888,-2.737962828836826,-9.021600300656202
726,0.020369739478957916,0,0,300.0,0.23216905794511672,-2.7424075373226287,-9.08232819699037
727,0.020397835671342686,0,0,300.0,0.2321713730897794,-2.7464501240977452,-9.143346125724532
728,0.020425931863727455,0,0,300.0,0.23213246588068723,-2.7500738320615365,-9.204679582433732
729,0.020454028056112225,0,0,300.0,0.2320554143791455,-2.753256151749284,-9.266311716715405
730,0.020482124248496995,0,0,300.0,0.2319373758185694,-2.7560104630557856,-9.328306628773749
731,0.020510220440881764,0,0,300.0,0.23179479429120395,-2.7583400472418145,-9.390664395597675
732,0.020538316633266534,0,0,300.0,0.23164518870872552,-2.760203079632729,-9.453380705286916
733,0.020566412825651303,0,0,300.0,0.23143113750453875,-2.7616478682725774,-9.516388270014456
734,0.020594509018036073,0,0,300.0,0.2312159731092994,-2.7626182138538242,-9.579707145694265
735,0.020622605210420843,0,0,300.0,0.23101127101499164,-2.76309025801155,-9.643280703634511
736,0.020650701402805612,0,0,300.0,0.23079725461267467,-2.7630811836689997,-9.707111708609377
737,0.020678797595190382,0,0,300.0,0.2305811422347745,-2.7625837460524783,-9.771194090057692
738,0.02070689378757515,0,0,300.0,0.23037397568169957,-2.761627971768404,-9.835501294115264
739,0.02073498997995992,0,0,300.0,0.23017691576302599,-2.76019025564528,-9.90006150412367
740,0.02076308617234469,0,0,300.0,0.2299751619809636,-2.7582593051321127,-9.964821794355082
741,0.02079118236472946,0,0,300.0,0.22977687914833694,-2.755842930269693,-10.02979531515696
742,0.02081927855711423,0,0,300.0,0.22959803413619911,-2.752898142925301,-10.09500130381663
743,0.020847374749499,0,0,300.0,0.22941659398155884,-2.7494711265433747,-10.16047092427616
744,0.02087547094188377,0,0,300.0,0.22924599480608707,-2.745495663890181,-10.226170408962057
745,0.02090356713426854,0,0,300.0,0.2290933718279701,-2.7409958823861866,-10.29212037660997
746,0.020931663326653308,0,0,300.0,0.22893623045702488,-2.7359694634725225,-10.358321915422973
747,0.020959759519038078,0,0,300.0,0.22879425647591717,-2.730400245675355,-10.424788431504396
748,0.020987855711422847,0,0,300.0,0.22867026518581463,-2.724280128080062,-10.491494207917238
749,0.021015951903807617,0,0,300.0,0.2285474618946549,-2.717636834235487,-10.558427544097404
750,0.021044048096192387,0,0,300.0,0.22843673697815195,-2.7104279168521663,-10.625586946802075
751,0.021072144288577156,0,0,300.0,0.22834242684988226,-2.702642880203257,-10.69300282637141
752,0.021100240480961926,0,0,300.0,0.2282312356576465,-2.6942963146831413,-10.760668475403424
753,0.021128336673346695,0,0,300.0,0.2281340584816873,-2.685383194550532,-10.828568777648977
754,0.02115643286573146,0,0,300.0,0.2280470118765769,-2.675917787371686,-10.896703848749876
755,0.02118452905811623,0,0,300.0,0.22796326371819614,-2.6658985006882157,-10.96504755690591
756,0.021212625250501,0,0,300.0,0.22788465611720882,-2.655232028891448,-11.03369885972413
757,0.02124072144288577,0,0,300.0,0.22785033235701355,-2.6439432264583105,-11.102571466637876
758,0.02126881763527054,0,0,300.0,0.22781974941926306,-2.6320603903344764,-11.171659995192854
759,0.02129691382765531,0,0,300.0,0.2277924842116348,-2.619564399489421,-11.241010155504933
760,0.02132501002004008,0,0,300.0,0.2277564626204925,-2.6064612619608996,-11.310615699367652
761,0.02135310621242485,0,0,300.0,0.22773458332480465,-2.5927474191249704,-11.380432232136844
762,0.02138120240480962,0,0,300.0,0.22772767415933484,-2.578440391213153,-11.450502928205704
763,0.021409298597194388,0,0,300.0,0.2277321075952263,-2.5635160280559957,-11.520823507870444
764,0.021437394789579158,0,0,300.0,0.22776411162066756,-2.5479883349814783,-11.591378177346296
765,0.021465490981963927,0,0,300.0,0.227824726907695,-2.5318281843903003,-11.662156003757435
766,0.021493587174348697,0,0,300.0,0.22787995682736722,-2.5150514216254884,-11.733269317782373
767,0.021521683366733466,0,0,300.0,0.22794675702399736,-2.4976432210056525,-11.804648742977063
768,0.021549779559118236,0,0,300.0,0.22804318413461308,-2.4795946262849373,-11.876293954961723
769,0.021577875751503005,0,0,300.0,0.22813805539237939,-2.4608453075647994,-11.948228815192488
770,0.021605971943887775,0,0,300.0,0.2282628542903584,-2.4414111126203726,-12.020450082914737
771,0.021634068136272545,0,0,300.0,0.2283923292639786,-2.421276988281343,-12.092956676132316
772,0.021662164328657314,0,0,300.0,0.22847564440780735,-2.400391429451724,-12.165784015700863
773,0.021690260521042084,0,0,300.0,0.2285587854045351,-2.378708126240409,-12.238936237389899
774,0.021718356713426853,0,0,300.0,0.2286309423814688,-2.356262833425327,-12.312441733133147
775,0.021746452905811623,0,0,300.0,0.22872922471444182,-2.3330678581286812,-12.386259029488494
776,0.021774549098196393,0,0,300.0,0.22886602794997757,-2.3091773353353675,-12.46043134839812
777,0.021802645290581162,0,0,300.0,0.229025820185562,-2.284605960413768,-12.53497016444269
778,0.021830741482965932,0,0,300.0,0.2292138040050039,-2.2593659857699566,-12.60982255469288
779,0.0218588376753507,0,0,300.0,0.2294415826429857,-2.233446524525407,-12.685021574309962
780,0.02188693386773547,0,0,300.0,0.22970095397303175,-2.206864871519904,-12.760565291871826
781,0.02191503006012024,0,0,300.0,0.22998756281804764,-2.179621935111079,-12.83651923513177
782,0.02194312625250501,0,0,300.0,0.23030004863851497,-2.1516925134877867,-12.912928807345203
783,0.02197122244488978,0,0,300.0,0.23062156950762217,-2.12309928355349,-12.989760057005379
784,0.02199931863727455,0,0,300.0,0.23099307423252183,-2.093820752936198,-13.066979199642365
785,0.02202741482965932,0,0,300.0,0.231367077442629,-2.0639019378295234,-13.14460020583731
786,0.02205551102204409,0,0,300.0,0.23176134551516755,-2.033314457291427,-13.222629851327255
787,0.022083607214428858,0,0,300.0,0.23222357819715386,-2.0020270811614864,-13.301217774598175
788,0.022111703406813628,0,0,300.0,0.2327281286782101,-1.9700500363276476,-13.38022782740495
789,0.022139799599198397,0,0,300.0,0.23322312454275085,-1.9373895407119053,-13.459738984997308
790,0.022167895791583167,0,0,300.0,0.2337391813984573,-1.9040518151762,-13.539671985976964
791,0.022195991983967937,0,0,300.0,0.23427588087810874,-1.870043856696125,-13.620048103264725
792,0.022224088176352706,0,0,300.0,0.23488783617876097,-1.8354255545112264,-13.700909985629481
793,0.022252184368737476,0,0,300.0,0.2355063314132268,-1.8001410407202092,-13.782280836099643
794,0.022280280561122245,0,0,300.0,0.2361673839206582,-1.7641554810296118,-13.864180991103625
795,0.022308376753507015,0,0,300.0,0.2368848964189651,-1.7274535904717667,-13.946508450039277
796,0.022336472945891785,0,0,300.0,0.2376641119408366,-1.6900203638747167,-14.02929813066824
797,0.022364569138276554,0,0,300.0,0.2384914465389756,-1.6518623341162537,-14.112518161487667
798,0.022392665330661324,0,0,300.0,0.2393440970555939,-1.6130234126768082,-14.196168225342298
799,0.022420761523046093,0,0,300.0,0.24024737415370864,-1.573538156117485,-14.280236913227023
800,0.022448857715430863,0,0,300.0,0.24118968331967164,-1.5333744925692707,-14.364738630010105
801,0.022476953907815633,0,0,300.0,0.2421569078933149,-1.4925790911664625,-14.449725222605293
802,0.022505050100200402,0,0,300.0,0.2431504399287972,-1.4511224502958675,-14.535215729896096
803,0.022533146292585172,0,0,300.0,0.2441472550280621,-1.4090350384673915,-14.621248147444444
804,0.02256124248496994,0,0,300.0,0.24520691464346975,-1.366348756017297,-14.70782808292049
805,0.02258933867735471,0,0,300.0,0.24627921854122276,-1.3229717167162416,-14.79518297743277
806,0.02261743486973948,0,0,300.0,0.24743880703228255,-1.2789762555196529,-14.883214485791594
807,0.02264553106212425,0,0,300.0,0.24861253531304028,-1.2343705916749355,-14.972093903981602
808,0.02267362725450902,0,0,300.0,0.24985601274832317,-1.1891639936531824,-15.061762688166356
809,0.02270172344689379,0,0,300.0,0.2512017061052777,-1.1433050890497511,-15.151944908753272
810,0.02272981963927856,0,0,300.0,0.25252872120217357,-1.0968268700462476,-15.242735669649628
811,0.02275791583166333,0,0,300.0,0.25386086004376335,-1.0496499453570405,-15.33405931446758
812,0.022786012024048098,0,0,300.0,0.2552210495665088,-1.0018785214766175,-15.425903294185911
813,0.022814108216432868,0,0,300.0,0.2566336303180957,-0.9535308430810892,-15.518448457741174
814,0.022842204408817637,0,0,300.0,0.25808258943684526,-0.904479018100462,-15.611740009945624
815,0.022870300601202403,0,0,300.0,0.2595304383912419,-0.8549217401622016,-15.705852506207021
816,0.022898396793587173,0,0,300.0,0.26094711381163316,-0.8047623850798564,-15.800553027600584
817,0.022926492985971943,0,0,300.0,0.262431013193648,-0.7539527825071293,-15.89599489960658
818,0.022954589178356712,0,0,300.0,0.2638687433150812,-0.7025581609718476,-15.992118865354406
819,0.022982685370741482,0,0,300.0,0.2653435897391459,-0.6505548507199185,-16.08894242507557
820,0.02301078156312625,0,0,300.0,0.2668019922321762,-0.5979787000870168,-16.186471839570668
821,0.02303887775551102,0,0,300.0,0.2682516126463095,-0.5447549112055695,-16.28464916750373
822,0.02306697394789579,0,0,300.0,0.2697942764684798,-0.4909851082572591,-16.38330135309632
823,0.02309507014028056,0,0,300.0,0.2712552381216967,-0.4365593776162957,-16.482649337196307
824,0.02312316633266533,0,0,300.0,0.27277626855431497,-0.38149860023121246,-16.582481458701277
825,0.0231512625250501,0,0,300.0,0.27429856226631555,-0.3258641652245203,-16.68264898039155
826,0.02317935871743487,0,0,300.0,0.275841675810282,-0.26956039559573186,-16.783277486522863
827,0.02320745490981964,0,0,300.0,0.27733266585848626,-0.21261083283146917,-16.884423328320896
828,0.023235551102204408,0,0,300.0,0.2789369955436383,-0.15494840631528006,-16.98604645244938
829,0.023263647294589178,0,0,300.0,0.2805281554228461,-0.0964594341197334,-17.088224092344124
830,0.023291743486973947,0,0,300.0,0.2822117204871216,-0.0372492056104432,-17.19067230990498
831,0.023319839679358717,0,0,300.0,0.28386902931488217,0.02273457800306772,-17.293600763168747
832,0.023347935871743487,0,0,300.0,0.28548993911028353,0.08349700870714367,-17.39706780902576
833,0.023376032064128256,0,0,300.0,0.2871031785220838,0.14502750046882426,-17.501026995145477
834,0.023404128256513026,0,0,300.0,0.2887101360077951,0.20733620169684636,-17.605570643378506
835,0.023432224448897795,0,0,300.0,0.29037984266739125,0.27023911767272035,-17.710412797675826
836,0.023460320641282565,0,0,300.0,0.2920431109610146,0.3339333329989523,-17.81562824429245
837,0.023488416833667335,0,0,300.0,0.29366107785786394,0.3984691820050043,-17.921414216407378
838,0.023516513026052104,0,0,300.0,0.29535410365659315,0.46382380491912956,-18.027708662439963
839,0.023544609218436874,0,0,300.0,0.2972595575036977,0.5297587129109145,-18.134051149508995
840,0.023572705410821643,0,0,300.0,0.29895443774291464,0.5964990260276061,-18.24109539054087
841,0.023600801603206413,0,0,300.0,0.3006715092295651,0.66392592139007,-18.348400630438
842,0.023628897795591183,0,0,300.0,0.3024281153441169,0.7320502938396807,-18.45573762748542
843,0.023656993987975952,0,0,300.0,0.30432854598171255,0.8007477230721115,-18.562907197735235
844,0.023685090180360722,0,0,300.0,0.30622893105237553,0.8703560375052728,-18.669984125508417
845,0.02371318637274549,0,0,300.0,0.30810349066097675,0.9408015946409887,-18.776967910272138
846,0.02374128256513026,0,0,300.0,0.3098956059837179,1.0121336723182437,-18.88400647175619
847,0.02376937875751503,0,0,300.0,0.31173496082999724,1.0842662453706629,-18.990718483049875
848,0.0237974749498998,0,0,300.0,0.3135588932164578,1.1572684361070122,-19.09740035816152
849,0.02382557114228457,0,0,300.0,0.31534007208978687,1.2310351470328873,-19.203684067266874
850,0.02385366733466934,0,0,300.0,0.3171022499484199,1.305584225106486,-19.309478835535344
851,0.02388176352705411,0,0,300.0,0.31890760888022196,1.3809653184924904,-19.415130964984577
852,0.02390985971943888,0,0,300.0,0.3207195324477334,1.4572259391438254,-19.52084962895439
853,0.023937955911823648,0,0,300.0,0.3227396530258634,1.534219534603965,-19.626284642819616
854,0.023966052104208418,0,0,300.0,0.32459146742386236,1.6122033774537263,-19.73182409950483
855,0.023994148296593187,0,0,300.0,0.3263750132930553,1.691102426820069,-19.83716618384924
856,0.024022244488977957,0,0,300.0,0.32808857940161584,1.771166158274288,-19.942856826153836
857,0.024050340681362727,0,0,300.0,0.3297598005890757,1.852027935195174,-20.048428043372027
858,0.024078436873747496,0,0,300.0,0.33138980218866415,1.9337270946194622,-20.153845520318814
859,0.024106533066132266,0,0,300.0,0.3332044680125672,2.0160246920174254,-20.259164649715597
860,0.024134629258517035,0,0,300.0,0.3349715461777894,2.0992292411124254,-20.36475750917881
861,0.024162725450901805,0,0,300.0,0.3367041552229108,2.1832888926367033,-20.470218466679967
862,0.024190821643286575,0,0,300.0,0.33823520153912945,2.2682695272464715,-20.57602422776359
863,0.024218917835671344,0,0,300.0,0.3397426261851257,2.353970900265481,-20.681518392977864
864,0.024247014028056114,0,0,300.0,0.34122797514319564,2.4405463940827374,-20.787406662483743
865,0.024275110220440883,0,0,300.0,0.34280433525264986,2.527638125882793,-20.893097137706974
866,0.024303206412825653,0,0,300.0,0.344335430564935,2.615230590424713,-20.998568441282536
867,0.024331302605210423,0,0,300.0,0.3455912806999671,2.7032516044830905,-21.103972614039836
868,0.024359398797595192,0,0,300.0,0.34679322123808354,2.791554000572763,-21.20930945771379
869,0.024387494989979962,0,0,300.0,0.3477332630511616,2.880294241570684,-21.314382868444277
870,0.02441559118236473,0,0,300.0,0.34869351665146564,2.9694139136384172,-21.419569117825
871,0.0244436873747495,0,0,300.0,0.3492916926751353,3.0589690281909294,-21.52448874422723
872,0.02447178356713427,0,0,300.0,0.3498188520160552,3.148912882399593,-21.629709814691648
873,0.02449987975951904,0,0,300.0,0.3502044880874325,3.2390580992603843,-21.73442668907134
874,0.02452797595190381,0,0,300.0,0.3502842322920604,3.329388080063412,-21.838933506887475
875,0.024556072144288576,0,0,300.0,0.35025581893544816,3.419936821090143,-21.94300128389008
876,0.024584168336673345,0,0,300.0,0.3502787136278259,3.5104559720039297,-22.04658387030565
877,0.024612264529058115,0,0,300.0,0.349714576114263,3.6014732207843574,-22.150206664350335
878,0.024640360721442885,0,0,300.0,0.34884854042977426,3.692932032285679,-22.253451404836508
879,0.024668456913827654,0,0,300.0,0.34787956548301574,3.7845462796757303,-22.35628633079483
880,0.024696553106212424,0,0,300.0,0.3472824979577796,3.8762600591039376,-22.457996991246105
881,0.024724649298597193,0,0,300.0,0.3465279567136828,3.9682163949574263,-22.5599607144749
882,0.024752745490981963,0,0,300.0,0.3457244072929192,4.060381344584634,-22.661236360597695
883,0.024780841683366733,0,0,300.0,0.3445548800018818,4.153353489333949,-22.76285910165482
884,0.024808937875751502,0,0,300.0,0.3432048163493598,4.24660258232215,-22.86446909794629
885,0.024837034068136272,0,0,300.0,0.34193273285000403,4.33916138642222,-22.96404198323275
886,0.02486513026052104,0,0,300.0,0.34056290055337535,4.431413774026141,-23.062410159590375
887,0.02489322645290581,0,0,300.0,0.3395239110663048,4.523337942939058,-23.159183860524923
888,0.02492132264529058,0,0,300.0,0.3389480849273882,4.614492813207594,-23.25334911828545
889,0.02494941883767535,0,0,300.0,0.33861807469506583,4.70503194887551,-23.346041403474786
890,0.02497751503006012,0,0,300.0,0.33816594606938644,4.7954011700784065,-23.43806115414499
891,0.02500561122244489,0,0,300.0,0.33754400933889417,4.8849651558776745,-23.529787351917722
892,0.02503370741482966,0,0,300.0,0.33714650836634563,4.974280714541479,-23.622255220076422
893,0.02506180360721443,0,0,300.0,0.33716941906687314,5.063528940493323,-23.71475856801984
894,0.025089899799599198,0,0,300.0,0.3359495489435816,5.152515825403103,-23.808747316002872
895,0.025117995991983968,0,0,300.0,0.33587891004737014,5.239859164056241,-23.901740018069518
896,0.025146092184368737,0,0,300.0,0.335135192035129,5.32631083124261,-23.993874133327036
897,0.025174188376753507,0,0,300.0,0.33460526437427324,5.411998379621696,-24.084944005824305
898,0.025202284569138277,0,0,300.0,0.33362880023397756,5.495973697885276,-24.175772552835795
899,0.025230380761523046,0,0,300.0,0.3334038138047297,5.579546482425325,-24.26460707863435
900,0.025258476953907816,0,0,300.0,0.3323163349704685,5.662482293653384,-24.352352624951656
901,0.025286573146292585,0,0,300.0,0.3314453159999514,5.744385089605791,-24.43928665707209
902,0.025314669338677355,0,0,300.0,0.3299882532992522,5.825496565230368,-24.526902293771524
903,0.025342765531062125,0,0,300.0,0.32757607104591907,5.907989008066917,-24.61773131809541
904,0.025370861723446894,0,0,300.0,0.3250941240472434,5.991282755125821,-24.710822667758258
905,0.025398957915831664,0,0,300.0,0.3217168243732637,6.075745349985208,-24.805111901429786
906,0.025427054108216433,0,0,300.0,0.31839065447780074,6.1604394995447835,-24.900771257862388
907,0.025455150300601203,0,0,300.0,0.3141903835038719,6.248132573732695,-25.000480141876004
908,0.025483246492985973,0,0,300.0,0.3095295958274856,6.337265778037666,-25.101703298781004
909,0.025511342685370742,0,0,300.0,0.3031660308102687,6.428787474959005,-25.207101031972496
910,0.025539438877755512,0,0,300.0,0.2966176443124465,6.5249316726955415,-25.32159899568474
911,0.02556753507014028,0,0,300.0,0.2886877076454615,6.6256785508270895,-25.44180374683303
912,0.02559563126252505,0,0,300.0,0.277442992365427,6.733037083314361,-25.57352609415663
913,0.02562372745490982,0,0,300.0,0.2643602192273131,6.8441298049324235,-25.71216337043594
914,0.02565182364729459,0,0,300.0,0.2502344712050835,6.957000695088971,-25.84978755317497
915,0.02567991983967936,0,0,300.0,0.23552449647666032,7.0742673112214804,-25.99194756414508
916,0.02570801603206413,0,0,300.0,0.21915006336373316,7.192708571983533,-26.130712435239584
917,0.0257361122244489,0,0,300.0,0.20221520550602043,7.311730615601063,-26.2681171738118
918,0.02576420841683367,0,0,300.0,0.1823744705335826,7.432376243628532,-26.4036238292638
919,0.025792304609218438,0,0,300.0,0.16308676849669326,7.551741136819519,-26.530069659978253
920,0.025820400801603208,0,0,300.0,0.14373438306310476,7.666004713645912,-26.633864199787343
921,0.025848496993987977,0,0,300.0,0.12245425836851356,7.7729251467012075,-26.711105809910688
922,0.025876593186372747,0,0,300.0,0.10220043776812722,7.872051253788058,-26.749253454627027
923,0.025904689378757517,0,0,300.0,0.08427451915076149,7.959174408993976,-26.74243671555382
924,0.025932785571142286,0,0,300.0,0.06589152135966307,8.031163239259794,-26.677341631523735
925,0.025960881763527056,0,0,300.0,0.049640042658337186,8.083453555005047,-26.546454613080133
926,0.025988977955911825,0,0,300.0,0.033994839896537274,8.1090090142285,-26.338533386872978
927,0.026017074148296595,0,0,300.0,0.01998794362793942,8.10171914715359,-26.04176714711909
928,0.026045170340681364,0,0,300.0,0.0045229346517561275,8.053633517385533,-25.641053863870496
929,0.026073266533066134,0,0,300.0,-0.00855547030662834,7.963371260777873,-25.127638558525984
930,0.026101362725450904,0,0,300.0,-0.019814911396767027,7.828304902119162,-24.492805142385325
931,0.026129458917835673,0,0,300.0,-0.030968027137713725,7.646630330308573,-23.736304787027983
932,0.026157555110220443,0,0,300.0,-0.04221415003421723,7.421428947922842,-22.861634863498622
933,0.026185651302605212,0,0,300.0,-0.051100655062132204,7.151124407083272,-21.868146455784576
934,0.026213747494989982,0,0,300.0,-0.06008752501739401,6.834405652452217,-20.758573121805274
935,0.026241843687374748,0,0,300.0,-0.06932163246338834,6.475220328288979,-19.538689401536832
936,0.026269939879759518,0,0,300.0,-0.0767656253799215,6.0730443023804295,-18.213097720315368
937,0.026298036072144287,0,0,300.0,-0.08588680650821788,5.629675372137099,-16.788371357671842
938,0.026326132264529057,0,0,300.0,-0.09755405230266972,5.145530276178977,-15.27596761023397
939,0.026354228456913827,0,0,300.0,-0.10883606674967233,4.622736642461128,-13.683306422880968
940,0.026382324649298596,0,0,300.0,-0.1280697619682001,4.064460173034554,-12.030505385131585
941,0.026410420841683366,0,0,300.0,-0.15793874918561707,3.479474555586049,-10.35810811790777
942,0.026438517034068135,0,0,300.0,-0.20157821119783412,2.8730722466029643,-8.716061723588565
943,0.026466613226452905,0,0,300.0,-0.27418708208559095,2.27109422855162,-7.191380092644896
944,0.026494709418837675,0,0,300.0,-0.3768093363325251,1.6992859827384,-5.873775299254832
945,0.026522805611222444,0,0,300.0,-0.503896257592752,1.1850740312911723,-4.844798606594848
946,0.026550901803607214,0,0,300.0,-0.649625627535056,0.7967769725405434,-4.2371873492185825
947,0.026578997995991983,0,0,300.0,-0.7879220165420695,0.5409540053939048,-4.010412721604241
948,0.026607094188376753,0,0,300.0,-0.9103380871820945,0.3471117559084338,-3.940343708617926
949,0.026635190380761523,0,0,300.0,-1.0133099729440682,0.20465089022559552,-3.9875624932569034
950,0.026663286573146292,0,0,300.0,-1.0832583078499085,0.11586506515329788,-4.116773318501897
951,0.026691382765531062,0,0,300.0,-1.1297058503573367,0.060942860063940126,-4.275592221358417
952,0.02671947895791583,0,0,300.0,-1.1588518453855312,0.028467169419486075,-4.435892436403941
953,0.0267475751503006,0,0,300.0,-1.1745909537242547,0.009216859796410168,-4.6003875086921395
954,0.02677567134268537,0,0,300.0,-1.1852326780710296,-0.0049364093899662955,-4.763478178216367
955,0.02680376753507014,0,0,300.0,-1.1923179777330732,-0.01478598230526388,-4.928213536283248
956,0.02683186372745491,0,0,300.0,-1.1962746610329535,-0.021376259143388386,-5.094439573507271
957,0.02685995991983968,0,0,300.0,-1.197138220251831,-0.025706474740169533,-5.261137690798588
958,0.02688805611222445,0,0,300.0,-1.1945911435212802,-0.028456152952310076,-5.430643184100282
959,0.02691615230460922,0,0,300.0,-1.1881984365465126,-0.029413347400705933,-5.593960307345291
960,0.026944248496993988,0,0,300.0,-1.1802021902988944,-0.028695606798850477,-5.746810035569127
961,0.026972344689378758,0,0,300.0,-1.1710609169405508,-0.028613696298935194,-5.883537138191186
962,0.027000440881763527,0,0,300.0,-1.1578462388119213,-0.030226588945005593,-5.99317236639019
963,0.027028537074148297,0,0,300.0,-1.1446110501063536,-0.03153974195232313,-6.071899903065953
964,0.027056633266533067,0,0,300.0,-1.1280637648639693,-0.03478447409620147,-6.113808190745007
965,0.027084729458917836,0,0,300.0,-1.1091659987070912,-0.04099164873383034,-6.11947133071176
966,0.027112825651302606,0,0,300.0,-1.0882471813201198,-0.04934108666152607,-6.092856629208278
967,0.027140921843687375,0,0,300.0,-1.0652451512258658,-0.05846302849804188,-6.042574472690249
968,0.027169018036072145,0,0,300.0,-1.0410751014767188,-0.0674805170985785,-5.970506142943479
969,0.027197114228456915,0,0,300.0,-1.0132659155433947,-0.07723699502616657,-5.8809373400239044
970,0.027225210420841684,0,0,300.0,-0.9825901407742653,-0.0853088719422382,-5.776671260147709
971,0.027253306613226454,0,0,300.0,-0.9505962518930616,-0.09256475651993328,-5.661722919677266
972,0.027281402805611223,0,0,300.0,-0.9163231580683964,-0.0999507723836171,-5.538355311588593
973,0.027309498997995993,0,0,300.0,-0.880597703972208,-0.10601612967688313,-5.4049632261091025
974,0.027337595190380762,0,0,300.0,-0.8427000917269786,-0.11046106664067805,-5.264391261014805
975,0.027365691382765532,0,0,300.0,-0.8029981162519054,-0.11473833716067221,-5.11578792880241
976,0.0273937875751503,0,0,300.0,-0.7604542894296682,-0.11816654339303521,-4.956829827428384
977,0.02742188376753507,0,0,300.0,-0.7165322971350526,-0.12229485581892242,-4.790738286042445
978,0.02744997995991984,0,0,300.0,-0.6714525589562973,-0.12579007400699146,-4.613702498047514
979,0.02747807615230461,0,0,300.0,-0.6254428176753751,-0.12690142943896313,-4.425142937413783
980,0.02750617234468938,0,0,300.0,-0.5780892925603204,-0.12727276826872994,-4.224310269958142
981,0.02753426853707415,0,0,300.0,-0.5294776172651037,-0.1253351653975444,-4.0089057953826694
982,0.02756236472945892,0,0,300.0,-0.4812588790499597,-0.12248282272738761,-3.784888000521045
983,0.02759046092184369,0,0,300.0,-0.43393474858580017,-0.11736328390197309,-3.5535803457388457
984,0.02761855711422846,0,0,300.0,-0.3886039107438952,-0.11146554596990095,-3.3227989288476962
985,0.027646653306613228,0,0,300.0,-0.34617099006088986,-0.10678026808881992,-3.097829762773461
986,0.027674749498997998,0,0,300.0,-0.30583392720639074,-0.10390735124589578,-2.8800390765711374
987,0.027702845691382767,0,0,300.0,-0.26784243330369534,-0.10055694671206394,-2.667856777912282
988,0.027730941883767537,0,0,300.0,-0.2317262097930733,-0.09741357810931972,-2.4592427491089395
989,0.027759038076152306,0,0,300.0,-0.19761453862756326,-0.09395045121638779,-2.2527464060366054
990,0.027787134268537076,0,0,300.0,-0.164624649947375,-0.0899697139985244,-2.046361307304748
991,0.027815230460921846,0,0,300.0,-0.1330222891971325,-0.08599497123343089,-1.8400795768547642
992,0.027843326653306615,0,0,300.0,-0.10279322852563359,-0.08158792344058824,-1.6332611799280332
993,0.027871422845691385,0,0,300.0,-0.07470698271287447,-0.07646458139549603,-1.423738312954753
994,0.027899519038076154,0,0,300.0,-0.05011390769168629,-0.06942366941259909,-1.2037405040311426
995,0.02792761523046092,0,0,300.0,-0.03166667541729877,-0.05894204444644729,-0.9725058163784429
996,0.02795571142284569,0,0,300.0,-0.018132199963552056,-0.04540227546110426,-0.7377822199917
997,0.02798380761523046,0,0,300.0,-0.00922235988922518,-0.02932644197813395,-0.5012652663003251
998,0.02801190380761523,0,0,300.0,-0.003782724205607285,-0.0118775156009567,-0.26605431276982855
999,0.02804,0,0,300.0,-0.0012018560999375789,0.0036751508752050407,-0.03580951042751663
