0.0,0.01,0,0.03454413355418098,0.017308828962036973
2.809619238476954e-05,0.01,0,0.03454413355418098,0.017308828962036976
5.619238476953908e-05,0.01,0,0.034544133554180984,0.017308828962036973
8.428857715430862e-05,0.01,0,0.03454413355418098,0.017308828962036976
0.00011238476953907816,0.01,0,0.03454413355418098,0.017308828962036976
0.0001404809619238477,0.01,0,0.034544133554180984,0.017308828962036973
0.00016857715430861723,0.01,0,0.034544133554180984,0.017308828962036976
0.00019667334669338677,0.01,0,0.03454413355418098,0.017308828962036976
0.00022476953907815632,0.01,0,0.0345440493837705,0.01730898895376761
0.00025286573146292583,0.01,0,0.03454219538514336,0.017312430985982792
0.0002809619238476954,0.01,0,0.034539429053568126,0.017316658160378442
0.0003090581162324649,0.01,0,0.034536162198871886,0.017320391149383687
0.00033715430861723446,0.01,0,0.03453256469719371,0.01732375314964081
0.000365250501002004,0.01,0,0.03452873415848159,0.01732683910147557
0.00039334669338677355,0.01,0,0.03452472968167761,0.017329701117159577
0.0004214428857715431,0.01,0,0.03452059167257697,0.017332426562000555
0.00044953907815631263,0.01,0,0.034516346195748795,0.017335032162633705
0.0004776352705410822,0.01,0,0.034512017628879364,0.017337521131322177
0.0005057314629258517,0.01,0,0.03450761888293537,0.017339909162070278
0.0005338276553106213,0.01,0,0.03450316061071858,0.017342214765708044
0.0005619238476953907,0.01,0,0.03449865536983477,0.01734444983632499
0.0005900200400801603,0.01,0,0.03449410956731097,0.017346688252456992
0.0006181162324649298,0.01,0,0.03448952727817467,0.017348872925062722
0.0006462124248496994,0.01,0,0.034484913636668384,0.01735101106011377
0.0006743086172344689,0.01,0,0.034480274562298005,0.017353111683423725
0.0007024048096192385,0.01,0,0.034475612990945266,0.017355177811636032
0.000730501002004008,0.01,0,0.03447093051419134,0.017357233215440717
0.0007585971943887776,0.01,0,0.034466229423597894,0.017359300692511126
0.0007866933867735471,0.01,0,0.03446151338798816,0.0173613445228793
0.0008147895791583167,0.01,0,0.03445770773826311,0.017365002527476612
0.0008428857715430862,0.01,0,0.034454865600297715,0.017370332725983127
0.0008709819639278558,0.01,0,0.034452540293346504,0.017376525342101396
0.0008990781563126253,0.01,0,0.03445060015237491,0.017383379191563877
0.0009271743486973948,0.01,0,0.034448966228670413,0.017390733934586098
0.0009552705410821644,0.01,0,0.03444758951452252,0.017398480476505086
0.000983366733466934,0.01,0,0.03445237866517166,0.01740921020068129
0.0010114629258517033,0.01,0,0.03446097912097908,0.017421796929728756
0.001039559118236473,0.01,0,0.03447211541296908,0.017435621226920935
0.0010676553106212425,0.01,0,0.03448523526388013,0.017450451131961642
0.0010957515030060121,0.01,0,0.03449999023014374,0.017466061749916294
0.0011238476953907815,0.01,0,0.03451612894466675,0.017482318955484077
0.001151943887775551,0.01,0,0.03453346054141788,0.01749912180614332
0.0011800400801603207,0.01,0,0.03455183413204496,0.017516392901494128
0.0012081362725450903,0.01,0,0.03457115197403269,0.017534079787284603
0.0012362324649298597,0.01,0,0.03459131809591873,0.017552187226666616
0.0012643286573146293,0.01,0,0.03461222236627435,0.017570606523740692
0.0012924248496993989,0.01,0,0.034633821247213446,0.017589313860116803
0.0013205210420841685,0.01,0,0.03465604395586524,0.01760824417966472
0.0013486172344689378,0.01,0,0.034678831089795484,0.017627305732558055
0.0013767134268537074,0.01,0,0.034702139007443025,0.01764655959797696
0.001404809619238477,0.01,0,0.03472594207524968,0.01766591118053149
0.0014329058116232464,0.01,0,0.03475020192702739,0.017685339007916887
0.001461002004008016,0.01,0,0.0347748803300953,0.017704905582872212
0.0014890981963927856,0.01,0,0.034799939877065304,0.017724585009338226
0.0015171943887775552,0.01,0,0.03482534892756239,0.017744315166703984
0.0015452905811623246,0.01,0,0.034851093420926016,0.017764095614193082
0.0015733867735470942,0.01,0,0.03487718457946215,0.01778402585366686
0.0016014829659318638,0.01,0,0.034903548423612776,0.017804008724013064
0.0016295791583166334,0.01,0,0.034930896874914436,0.017824039898754678
0.0016576753507014028,0.01,0,0.034960027014606154,0.017844268165823587
0.0016857715430861724,0.01,0,0.03499033679799187,0.017864826549922625
0.001713867735470942,0.01,0,0.03502161513864239,0.017885628718768604
0.0017419639278557116,0.01,0,0.03505370374396314,0.017906623064625336
0.001770060120240481,0.01,0,0.035086572448386005,0.017927865852262668
0.0017981563126252505,0.01,0,0.03512008815708148,0.017949340473493038
0.0018262525050100201,0.01,0,0.03515425649663371,0.017971005312224956
0.0018543486973947895,0.01,0,0.035189061864371866,0.01799288313691329
0.001882444889779559,0.01,0,0.03522452182991917,0.018015062084326426
0.0019105410821643287,0.01,0,0.035260571472884396,0.018037503734303902
0.0019386372745490983,0.01,0,0.03529714749121172,0.018060134478062057
0.001966733466933868,0.01,0,0.03533424833807068,0.018082964783115284
0.0019948296593186375,0.01,0,0.03537182646827,0.01810603905838208
0.0020229258517034067,0.01,0,0.03540984365592233,0.018129311304584436
0.0020510220440881763,0.01,0,0.035448305219661275,0.018152753429135807
0.002079118236472946,0.01,0,0.0354871590383528,0.01817634033404969
0.0021072144288577154,0.01,0,0.0355263615599317,0.01820013944189428
0.002135310621242485,0.01,0,0.03556594040828727,0.01822410450207495
0.0021634068136272546,0.01,0,0.03560587719898157,0.01824819787905701
0.0021915030060120242,0.01,0,0.035646090923550776,0.018272404337247885
0.002219599198396794,0.01,0,0.03568663588678747,0.018296809057834335
0.002247695390781563,0.01,0,0.03572747662375081,0.018321340309389113
0.0022757915831663326,0.01,0,0.03576859872722423,0.01834596640041859
0.002303887775551102,0.01,0,0.035809961826241285,0.0183706628095977
0.002331983967935872,0.01,0,0.03585219332856819,0.018396174061464664
0.0023600801603206414,0.01,0,0.03589669759073564,0.018423914006426033
0.002388176352705411,0.01,0,0.03594232346962201,0.018452611405075224
0.0024162725450901806,0.01,0,0.03598881533174908,0.018481916866234408
0.0024443687374749497,0.01,0,0.03603611520058034,0.01851177758716323
0.0024724649298597193,0.01,0,0.0360841126010108,0.018542059715807236
0.002500561122244489,0.01,0,0.03613276735386014,0.01857276079515049
0.0025286573146292585,0.01,0,0.036182008264151994,0.018603787650993624
0.002556753507014028,0.01,0,0.03623178145004981,0.01863516563975003
0.0025848496993987977,0.01,0,0.036282138183666074,0.01866686738607676
0.0026129458917835673,0.01,0,0.03633294827892086,0.01869881131002583
0.002641042084168337,0.01,0,0.03638423634206342,0.01873099823514252
0.002669138276553106,0.01,0,0.03643598238399498,0.01876341095140436
0.0026972344689378757,0.01,0,0.036488106107372825,0.018796149146797888
0.0027253306613226453,0.01,0,0.03654066739188276,0.018829092305891023
0.002753426853707415,0.01,0,0.03659361280326795,0.018862222389506956
0.0027815230460921845,0.01,0,0.036646917106595636,0.018895513745040653
0.002809619238476954,0.01,0,0.03670057512526122,0.018929072580353805
0.0028377154308617237,0.01,0,0.03675454738776264,0.018962766357831187
0.002865811623246493,0.01,0,0.03680903738439074,0.018996943679988994
0.0028939078156312624,0.01,0,0.03686471964472706,0.019032858065498728
0.002922004008016032,0.01,0,0.036921320672126674,0.01907024478391186
0.0029501002004008016,0.01,0,0.03698047994181866,0.01911139320503777
0.0029781963927855712,0.01,0,0.03704097710191871,0.01915365361373817
0.003006292585170341,0.01,0,0.03710211735640681,0.019196007206057564
0.0030343887775551104,0.01,0,0.037163881391821564,0.019238463712464102
0.00306248496993988,0.01,0,0.037225982327909364,0.019280982087948772
0.003090581162324649,0.01,0,0.037288033091420245,0.019323392422251496
0.0031186773547094188,0.01,0,0.037350272301170676,0.019365797949593856
0.0031467735470941884,0.01,0,0.03741280704591831,0.019408240121544233
0.003174869739478958,0.01,0,0.03747575070567967,0.019450621478525398
0.0032029659318637276,0.01,0,0.03753887347767528,0.019492700523848227
0.003231062124248497,0.01,0,0.0376022212586484,0.019534528702553268
0.0032591583166332668,0.01,0,0.037665913504557405,0.019576232224345323
0.003287254509018036,0.01,0,0.03772988549770504,0.0196177838626025
0.0033153507014028055,0.01,0,0.03779403398250282,0.019659592534007952
0.003343446893787575,0.01,0,0.03785797947600203,0.01970211682895744
0.0033715430861723447,0.01,0,0.03792200924500556,0.019744313022993013
0.0033996392785571143,0.01,0,0.037986231329104454,0.01978618539741885
0.003427735470941884,0.01,0,0.038050562833796146,0.01982779978847207
0.0034558316633266535,0.01,0,0.03811501334005611,0.01986916056386514
0.003483927855711423,0.01,0,0.03817965154323628,0.019910322511372907
0.0035120240480961923,0.01,0,0.03824440843690179,0.01995128064720089
0.003540120240480962,0.01,0,0.03830933031341124,0.019992030859470145
0.0035682164328657315,0.01,0,0.03837442848754826,0.020032653023400022
0.003596312625250501,0.01,0,0.03843963595647979,0.02007309335867742
0.0036244088176352707,0.01,0,0.0385050397976483,0.020113384125056456
0.0036525050100200403,0.01,0,0.038570833454450636,0.020153684710334064
0.00368060120240481,0.01,0,0.03863764388793459,0.020194291480290404
0.003708697394789579,0.01,0,0.03870498769890945,0.02023498408697877
0.0037367935871743486,0.01,0,0.03877279004179891,0.020275739759807933
0.003764889779559118,0.01,0,0.03884102449632201,0.02031650646099924
0.003792985971943888,0.01,0,0.038909670265455276,0.020357381213251573
0.0038210821643286574,0.01,0,0.038978797023634035,0.02039838514238487
0.003849178356713427,0.01,0,0.03904828343365875,0.020439451577034924
0.0038772745490981966,0.01,0,0.039118179939449806,0.02048064787299139
0.003905370741482966,0.01,0,0.039188781489743314,0.02052225272586623
0.003933466933867736,0.01,0,0.03926090675982316,0.020565030900861835
0.003961563126252505,0.01,0,0.03933442097353087,0.02060885911986281
0.003989659318637275,0.01,0,0.039409242631230954,0.020653692612042696
0.004017755511022045,0.01,0,0.03948524819930938,0.020699412180635916
0.004045851703406813,0.01,0,0.039562369058187184,0.02074595249943908
0.004073947895791583,0.01,0,0.03964052890906625,0.02079323508669888
0.0041020440881763525,0.01,0,0.03971969667876955,0.020841251379808568
0.004130140280561122,0.01,0,0.039799854061549074,0.02088998033366862
0.004158236472945892,0.01,0,0.03988099187652944,0.020939369626651428
0.004186332665330661,0.01,0,0.039963082894265145,0.020989406423541298
0.004214428857715431,0.01,0,0.04004617164006371,0.02104022025289731
0.0042425250501002005,0.01,0,0.04013012140227005,0.021091649231827672
0.00427062124248497,0.01,0,0.040214992413960524,0.021143762567472794
0.00429871743486974,0.01,0,0.04030063897659187,0.02119643723901644
0.004326813627254509,0.01,0,0.04038709658834441,0.021249722274353858
0.004354909819639279,0.01,0,0.04047429564952777,0.021303516851335923
0.0043830060120240485,0.01,0,0.040562237806855736,0.021357865538010366
0.004411102204408818,0.01,0,0.04065086651124455,0.021412708248570837
0.004439198396793588,0.01,0,0.04074017456584054,0.021468041773242477
0.004467294589178356,0.01,0,0.040830149857704556,0.021523843786260124
0.004495390781563126,0.01,0,0.040920742600493956,0.021580056284579926
0.004523486973947896,0.01,0,0.041011936677272126,0.021636690669899348
0.004551583166332665,0.01,0,0.04110373333999243,0.021693753368413594
0.004579679358717435,0.01,0,0.04119608854712811,0.021751261162304303
0.004607775551102204,0.01,0,0.04128903017834533,0.02180915949022019
0.004635871743486974,0.01,0,0.04138249213795624,0.02186741805593137
0.004663967935871744,0.01,0,0.04147648639542333,0.021926017169792672
0.004692064128256513,0.01,0,0.0415709564650116,0.021984955216239405
0.004720160320641283,0.01,0,0.0416660731223491,0.022044372743674136
0.004748256513026052,0.01,0,0.04176305377769057,0.022105639007219048
0.004776352705410822,0.01,0,0.04186126666631818,0.022168037037699404
0.004804448897795592,0.01,0,0.04196041626982944,0.022231403214456772
0.004832545090180361,0.01,0,0.042060935821101916,0.022296130137126974
0.004860641282565131,0.01,0,0.04216266813096129,0.02236202425446856
0.0048887374749498995,0.01,0,0.04226538494695566,0.022428890204162492
0.004916833667334669,0.01,0,0.04236910490189525,0.02249671147719958
0.004944929859719439,0.01,0,0.0424736976443181,0.022565376269111342
0.004973026052104208,0.01,0,0.042579122350108224,0.022634801516009623
0.005001122244488978,0.01,0,0.0426853488472467,0.022704901280887334
0.0050292184368737475,0.01,0,0.04279224100439211,0.022775626637853832
0.005057314629258517,0.01,0,0.04289999624554265,0.022847080718606787
0.005085410821643287,0.01,0,0.043008313841497364,0.02291907476396178
0.005113507014028056,0.01,0,0.043117328377812326,0.02299164894609158
0.005141603206412826,0.01,0,0.0432270502305488,0.023064789260531186
0.0051696993987975955,0.01,0,0.043337352021698146,0.023138378725650936
0.005197795591182365,0.01,0,0.043448145655559885,0.023212328029653933
0.005225891783567135,0.01,0,0.04355947470650843,0.023286647775636236
0.005253987975951904,0.01,0,0.04367132270660947,0.023361327227009687
0.005282084168336674,0.01,0,0.04378363509467998,0.023436375712834363
0.005310180360721443,0.01,0,0.04389651358282529,0.02351181299382456
0.005338276553106212,0.01,0,0.04401010871901414,0.023587969353593863
0.005366372745490982,0.01,0,0.04412439922730391,0.0236647573502894
0.005394468937875751,0.01,0,0.044239447624059514,0.023742203662864867
0.005422565130260521,0.01,0,0.04435511343381543,0.02382022602813242
0.005450661322645291,0.01,0,0.044471389954208296,0.02389880677832755
0.00547875751503006,0.01,0,0.044588329278166756,0.023977976051098002
0.00550685370741483,0.01,0,0.04470582705317704,0.024057662155851686
0.005534949899799599,0.01,0,0.04482387154108499,0.02413780098902463
0.005563046092184369,0.01,0,0.04494247279550636,0.024218432472691866
0.0055911422845691386,0.01,0,0.045061620348968844,0.024299572874994645
0.005619238476953908,0.01,0,0.04518120803887986,0.02438109093390167
0.005647334669338678,0.01,0,0.04530129507686877,0.024463065941235925
0.005675430861723447,0.01,0,0.045421875858442616,0.024545428741108714
0.005703527054108217,0.01,0,0.04554290386498737,0.02462816409766878
0.005731623246492986,0.01,0,0.04566442956339986,0.024711339931120204
0.005759719438877755,0.01,0,0.0457863598292429,0.024794856280602934
0.005787815631262525,0.01,0,0.04590871379909862,0.02487874075399455
0.0058159118236472945,0.01,0,0.04603151713320655,0.024962982039237473
0.005844008016032064,0.01,0,0.04615472359207166,0.02504756382545204
0.005872104208416834,0.01,0,0.04627831692261067,0.025132466676473352
0.005900200400801603,0.01,0,0.04640226209419963,0.025217680306288768
0.005928296593186373,0.01,0,0.046526646870159206,0.025303203972098856
0.0059563927855711424,0.01,0,0.04665139155911802,0.025389064842886253
0.005984488977955912,0.01,0,0.04677645294983176,0.025475228855978152
0.006012585170340682,0.01,0,0.04690197880806305,0.025561686446143986
0.006040681362725451,0.01,0,0.04702788131896531,0.02564848783997036
0.006068777555110221,0.01,0,0.04715408025597966,0.025735576515246068
0.0060968737474949904,0.01,0,0.04728066853238562,0.025822937719046053
0.00612496993987976,0.01,0,0.04740760338245434,0.02591055792826233
0.006153066132264529,0.01,0,0.04753486293070328,0.025998436874450852
0.006181162324649298,0.01,0,0.04766249111560888,0.02608659857483669
0.006209258517034068,0.01,0,0.047790407098221306,0.02617501278242139
0.0062373547094188376,0.01,0,0.04791867894102385,0.02626367601335159
0.006265450901803607,0.01,0,0.04804730772152592,0.02635259655812166
0.006293547094188377,0.01,0,0.048176148834685406,0.02644170951201321
0.006321643286573146,0.01,0,0.04830539117143839,0.026531105747882665
0.006349739478957916,0.01,0,0.048434866587159266,0.026620688205038826
0.0063778356713426855,0.01,0,0.04856471917863962,0.026710533774891323
0.006405931863727455,0.01,0,0.04869621679782884,0.02680107219715846
0.006434028056112225,0.01,0,0.048830613121904634,0.026892688797718313
0.006462124248496994,0.01,0,0.04896675457800997,0.026985057495262914
0.006490220440881764,0.01,0,0.0491041965115063,0.02707793611975794
0.0065183166332665335,0.01,0,0.04924295516445784,0.027171173375503455
0.006546412825651303,0.01,0,0.04938509228934364,0.027266329891220263
0.006574509018036072,0.01,0,0.04953064611215978,0.027363532260904516
0.0066026052104208414,0.01,0,0.04967909989897863,0.027462488736919744
0.006630701402805611,0.01,0,0.04982988973858029,0.0275628218475765
0.006658797595190381,0.01,0,0.04998301604352971,0.02766460690425491
0.00668689378757515,0.01,0,0.05013824436187392,0.02776777099685485
0.00671498997995992,0.01,0,0.05029536927777291,0.027872154070636947
0.006743086172344689,0.01,0,0.050454500765722485,0.027977833233909278
0.006771182364729459,0.01,0,0.0506173323082596,0.028085387160609755
0.006799278557114229,0.01,0,0.05078303622238809,0.02819451120935338
0.006827374749498998,0.01,0,0.05095141626042855,0.0283049289050561
0.006855470941883768,0.01,0,0.05112230604515147,0.028416615544801647
0.006883567134268537,0.01,0,0.05129518596062949,0.028529448894973043
0.006911663326653307,0.01,0,0.05146943568498425,0.028643187617350182
0.006939759519038077,0.01,0,0.051645093258392706,0.028757773050847472
0.006967855711422846,0.01,0,0.051822264495978564,0.028873380708080893
0.006995951903807615,0.01,0,0.05200060712905378,0.028989710229317005
0.0070240480961923845,0.01,0,0.0521801962115274,0.029106846440632064
0.007052144288577154,0.01,0,0.05236092666444914,0.029224742482831353
0.007080240480961924,0.01,0,0.05254341283209407,0.029344178394717636
0.007108336673346693,0.01,0,0.05272734555922075,0.02946508407580793
0.007136432865731463,0.01,0,0.052914111207381424,0.029588438451909043
0.0071645290581162325,0.01,0,0.05310264124562133,0.029713332244130555
0.007192625250501002,0.01,0,0.05329260723040903,0.029839414007854524
0.007220721442885772,0.01,0,0.053483956643950274,0.02996664541478811
0.007248817635270541,0.01,0,0.05367669457627946,0.03009501271842399
0.007276913827655311,0.01,0,0.053870472969778246,0.030224278115421128
0.0073050100200400805,0.01,0,0.054065629234520615,0.03035495552502527
0.00733310621242485,0.01,0,0.054261989231818075,0.030486917263927323
0.00736120240480962,0.01,0,0.05445939944059853,0.030620047636286358
0.007389298597194389,0.01,0,0.05465798926871201,0.03075446379133806
0.007417394789579158,0.01,0,0.05485773347257348,0.030890068619225216
0.007445490981963928,0.01,0,0.0550584118822235,0.031026647618920173
0.007473587174348697,0.01,0,0.05526043570877288,0.031164602669344444
0.007501683366733467,0.01,0,0.05546351891806938,0.0313036218046891
0.007529779559118236,0.01,0,0.055667555876313835,0.031443597470700343
0.007557875751503006,0.01,0,0.055872752503897075,0.03158474838511662
0.007585971943887776,0.01,0,0.056078800004752655,0.031726752518385234
0.007614068136272545,0.01,0,0.056285981361266814,0.031869870515534006
0.007642164328657315,0.01,0,0.056494048152359824,0.032013928534598765
0.007670260521042084,0.01,0,0.05670308415177822,0.03215895512395879
0.007698356713426854,0.01,0,0.05691302313962675,0.03230486222955541
0.007726452905811624,0.01,0,0.05712391988751918,0.03245172713679585
0.007754549098196393,0.01,0,0.057335709540578685,0.03259954315747855
0.007782645290581163,0.01,0,0.05754829783275995,0.032748098860121824
0.007810741482965932,0.01,0,0.057761673270472116,0.032897457734604445
0.007838837675350702,0.01,0,0.057976068559870274,0.03304780171774615
0.007866933867735472,0.01,0,0.05819117440597823,0.03319884451042963
0.007895030060120241,0.01,0,0.05840710379561558,0.033350709235558475
0.00792312625250501,0.01,0,0.05862374484700761,0.03350324581896627
0.00795122244488978,0.01,0,0.05884149774454043,0.033656871323837774
0.00797931863727455,0.01,0,0.05906027411709957,0.03381143010614161
0.00800741482965932,0.01,0,0.05928143000931051,0.03396756668126334
0.00803551102204409,0.01,0,0.05950544695033358,0.03412536078204393
0.008063607214428857,0.01,0,0.059731289518016394,0.034284576991930216
0.008091703406813627,0.01,0,0.05995859304769273,0.034444893105586176
0.008119799599198396,0.01,0,0.060187705451090374,0.03460675131090414
0.008147895791583166,0.01,0,0.060418083050432204,0.03476952401207755
0.008175991983967935,0.01,0,0.06064990860508155,0.03493356485906808
0.008204088176352705,0.01,0,0.06088306214496175,0.03509871021840414
0.008232184368737475,0.01,0,0.06111749432741696,0.03526496961472964
0.008260280561122244,0.01,0,0.06135329465288706,0.03543235093976965
0.008288376753507014,0.01,0,0.06159024921844164,0.035600663881482815
0.008316472945891783,0.01,0,0.06182852107792039,0.03577000425370706
0.008344569138276553,0.01,0,0.062067777717773,0.03594015142235908
0.008372665330661323,0.01,0,0.06230784806318948,0.036111410124800826
0.008400761523046092,0.01,0,0.06254908068908971,0.036283778980861776
0.008428857715430862,0.01,0,0.06279100332671875,0.036456897558946676
0.008456953907815631,0.01,0,0.06303407819698215,0.03663102214712838
0.008485050100200401,0.01,0,0.06327809537467093,0.03680595186581775
0.00851314629258517,0.01,0,0.06352300567785296,0.03698165016696949
0.00854124248496994,0.01,0,0.06376889477587361,0.03715818913063491
0.00856933867735471,0.01,0,0.064015615074348,0.03733545452003231
0.00859743486973948,0.01,0,0.06426335562089065,0.03751359563035508
0.008625531062124249,0.01,0,0.06451191270673157,0.03769236022339779
0.008653627254509019,0.01,0,0.06476145482444719,0.037871877604634556
0.008681723446893788,0.01,0,0.06501176735031282,0.03805196946559691
0.008709819639278558,0.01,0,0.06526306145531421,0.03823274835747614
0.008737915831663327,0.01,0,0.06551481712659432,0.03841395129940311
0.008766012024048097,0.01,0,0.06576720153586348,0.03859565644833805
0.008794108216432867,0.01,0,0.06602009112624399,0.03877779142979374
0.008822204408817636,0.01,0,0.06627357223417654,0.03896036491670115
0.008850300601202406,0.01,0,0.06652806975050192,0.039143438651758004
0.008878396793587175,0.01,0,0.06678334717801546,0.03932687322551696
0.008906492985971943,0.01,0,0.06703938170780425,0.039510765866965
0.008934589178356713,0.01,0,0.06729631269633632,0.03969503033027515
0.008962685370741482,0.01,0,0.06755401838317457,0.03987969311427056
0.008990781563126252,0.01,0,0.06781263380440222,0.04006468179708702
0.009018877755511022,0.01,0,0.06807204295534612,0.040250066144784075
0.009046973947895791,0.01,0,0.06833253048378746,0.04043621387495526
0.00907507014028056,0.01,0,0.06859389323135034,0.04062281326510536
0.00910316633266533,0.01,0,0.06885578761127312,0.04080958259371347
0.0091312625250501,0.01,0,0.06912524222327375,0.041005531653094576
0.00915935871743487,0.01,0,0.06940117292091078,0.04120937730848123
0.00918745490981964,0.01,0,0.06968145153486528,0.041418419926605374
0.009215551102204409,0.01,0,0.06996524692421092,0.041631596412330676
0.009243647294589178,0.01,0,0.0702531890424018,0.04184910233300139
0.009271743486973948,0.01,0,0.07054607456262793,0.0420712288354525
0.009299839679358718,0.01,0,0.07084151184984167,0.04229635634805773
0.009327935871743487,0.01,0,0.07113945743335419,0.04252469544560107
0.009356032064128257,0.01,0,0.07144007961436413,0.04275624669232406
0.009384128256513026,0.01,0,0.07174288488642686,0.0429904245180857
0.009412224448897796,0.01,0,0.07204767106897993,0.0432271162560519
0.009440320641282566,0.01,0,0.07235460650830668,0.04346634288281558
0.009468416833667335,0.01,0,0.0726632142369227,0.04370772159936665
0.009496513026052105,0.01,0,0.07297387031731682,0.04395152151796867
0.009524609218436874,0.01,0,0.0732862028385349,0.04419720493487432
0.009552705410821644,0.01,0,0.07360061005083089,0.04444533297704363
0.009580801603206414,0.01,0,0.07391644689345486,0.04469525227072855
0.009608897795591183,0.01,0,0.07423396108312659,0.04494702545912088
0.009636993987975953,0.01,0,0.0745531118170116,0.045200794609111694
0.009665090180360722,0.01,0,0.07487457987800869,0.04545677526835098
0.009693186372745492,0.01,0,0.07519858653032953,0.045716621109159236
0.009721282565130262,0.01,0,0.0755251381281249,0.045980442391394774
0.00974937875751503,0.01,0,0.07585767376458824,0.0462498215955853
0.009777474949899799,0.01,0,0.07619286805213481,0.046522302417486214
0.009805571142284569,0.01,0,0.07652956691564174,0.046797001947019266
0.009833667334669338,0.01,0,0.07686746765274946,0.04707358726171134
0.009861763527054108,0.01,0,0.07720711724851101,0.04735256718188217
0.009889859719438877,0.01,0,0.07754880261045603,0.04763429529967906
0.009917955911823647,0.01,0,0.07789214731681025,0.047918234802879274
0.009946052104208417,0.01,0,0.07823714869038628,0.048204178188082585
0.009974148296593186,0.01,0,0.0785838043005867,0.04849230519408324
0.010002244488977956,0.01,0,0.07893189504288015,0.048782459038260624
0.010030340681362725,0.01,0,0.07928126989023301,0.04907443883959012
0.010058436873747495,0.01,0,0.07963309264613848,0.04936950209738456
0.010086533066132265,0.01,0,0.0799871263764038,0.049667557477933555
0.010114629258517034,0.01,0,0.080342955201096,0.04996793513019199
0.010142725450901804,0.01,0,0.0807008168069484,0.05027113858547741
0.010170821643286573,0.01,0,0.08106051819347275,0.05057671233334583
0.010198917835671343,0.01,0,0.08142221604737458,0.05088474124565113
0.010227014028056113,0.01,0,0.08178663539506988,0.05119442784145409
0.010255110220440882,0.01,0,0.08215325826560076,0.05150502144576381
0.010283206412825652,0.01,0,0.08252326095611161,0.05181845143923823
0.010311302605210421,0.01,0,0.0828958277824076,0.05213371241471465
0.010339398797595191,0.01,0,0.0832702258851336,0.052450456413688146
0.01036749498997996,0.01,0,0.08364676849028777,0.05276891024525922
0.01039559118236473,0.01,0,0.0840246164898815,0.053088465076084744
0.0104236873747495,0.01,0,0.08440744386562321,0.05341301692299759
0.01045178356713427,0.01,0,0.08479593400877636,0.0537433466258995
0.010479879759519039,0.01,0,0.0851874586414581,0.054076720458276155
0.010507975951903809,0.01,0,0.08558197727604978,0.0544130167439032
0.010536072144288578,0.01,0,0.0859786174883827,0.05475146575864175
0.010564168336673348,0.01,0,0.08637648382972439,0.05509096914534078
0.010592264529058116,0.01,0,0.08677625019340916,0.055432350743922776
0.010620360721442885,0.01,0,0.08717721887253685,0.05577503261722747
0.010648456913827655,0.01,0,0.0875800193325966,0.05611917363589868
0.010676553106212424,0.01,0,0.08798473376760861,0.05646537739024726
0.010704649298597194,0.01,0,0.08839051258191123,0.056812337602029916
0.010732745490981964,0.01,0,0.08879670683057003,0.057159384400987806
0.010760841683366733,0.01,0,0.08920421536176491,0.05750763458034288
0.010788937875751503,0.01,0,0.08961307912438121,0.057857198030989904
0.010817034068136272,0.01,0,0.09002190537478474,0.05820786074014842
0.010845130260521042,0.01,0,0.09043245244530357,0.05856151645173116
0.010873226452905812,0.01,0,0.09084542074938903,0.058918457809231294
0.010901322645290581,0.01,0,0.09126119590027791,0.05927899686486347
0.01092941883767535,0.01,0,0.09168094014265085,0.05964444084025154
0.01095751503006012,0.01,0,0.09210486014678759,0.06001528086946535
0.01098561122244489,0.01,0,0.09253163979138185,0.06038972815868184
0.01101370741482966,0.01,0,0.09296104094716334,0.06076764499477964
0.011041803607214429,0.01,0,0.09339329820434265,0.061148770062705644
0.011069899799599199,0.01,0,0.09382758443200052,0.0615316740451523
0.011097995991983968,0.01,0,0.09426770216429634,0.06192206912755066
0.011126092184368738,0.01,0,0.09471332751220081,0.062320091992744554
0.011154188376753508,0.01,0,0.09516337208179389,0.06272329240257174
0.011182284569138277,0.01,0,0.09561732034868017,0.0631312600514707
0.011210380761523047,0.01,0,0.0960752257027674,0.06354412272594208
0.011238476953907816,0.01,0,0.0965374289384359,0.06396216223513837
0.011266573146292586,0.01,0,0.09700290159016564,0.06438449398601379
0.011294669338677355,0.01,0,0.09747247470342754,0.06481121748143212
0.011322765531062125,0.01,0,0.0979446563154088,0.06524103998356044
0.011350861723446895,0.01,0,0.09841979194045045,0.06567396041270268
0.011378957915831664,0.01,0,0.09889797287099285,0.06611037776841897
0.011407054108216434,0.01,0,0.09937906932471406,0.06654996105634138
0.011435150300601202,0.01,0,0.09986191537860778,0.06699136525622816
0.011463246492985971,0.01,0,0.10034756153141461,0.0674356201650636
0.011491342685370741,0.01,0,0.1008354067485602,0.06788194329139369
0.01151943887775551,0.01,0,0.10132498670508308,0.0683302650310045
0.01154753507014028,0.01,0,0.10181674319920739,0.06878077767304165
0.01157563126252505,0.01,0,0.10231069768618253,0.0692335374952894
0.01160372745490982,0.01,0,0.10280679697244195,0.06968850041968001
0.011631823647294589,0.01,0,0.10330501724099017,0.07014545903276445
0.011659919839679359,0.01,0,0.1038051607941979,0.07060458878262363
0.011688016032064128,0.01,0,0.10430781016621551,0.07106611933590258
0.011716112224448898,0.01,0,0.10481320548417743,0.07153001438789604
0.011744208416833667,0.01,0,0.10532037016894041,0.0719958608922956
0.011772304609218437,0.01,0,0.10582951202792358,0.07246354257467578
0.011800400801603207,0.01,0,0.10634130909193912,0.07293346602132247
0.011828496993987976,0.01,0,0.10685587192103967,0.07340628426399343
0.011856593186372746,0.01,0,0.10737295630520602,0.07388147383637175
0.011884689378757515,0.01,0,0.10789305308092664,0.07435954855168027
0.011912785571142285,0.01,0,0.10841568124401871,0.0748403953776116
0.011940881763527054,0.01,0,0.10894099644528431,0.07532378470760889
0.011968977955911824,0.01,0,0.10946841207314276,0.07580928492434937
0.011997074148296594,0.01,0,0.10999974729499302,0.07629868884088717
0.012025170340681363,0.01,0,0.11053506501812287,0.07679181086635858
0.012053266533066133,0.01,0,0.11107536216272941,0.07728965176207396
0.012081362725450902,0.01,0,0.11161940599529845,0.07779106420136535
0.012109458917835672,0.01,0,0.11216770688860811,0.07829791205292727
0.012137555110220442,0.01,0,0.11272015529615421,0.0788093847269009
0.012165651302605211,0.01,0,0.11327577979244886,0.07932459088409693
0.012193747494989981,0.01,0,0.11383259839721532,0.07984114838627933
0.01222184368737475,0.01,0,0.11439129779168274,0.0803596806652226
0.01224993987975952,0.01,0,0.11495250891373099,0.08088112382159653
0.012278036072144288,0.01,0,0.11551546004620246,0.08140428518839951
0.012306132264529058,0.01,0,0.1160800120075034,0.08192931235291226
0.012334228456913827,0.01,0,0.11664702799943297,0.08245688723325319
0.012362324649298597,0.01,0,0.11721597069798677,0.08298693137495891
0.012390420841683366,0.01,0,0.11778638714683361,0.08351832875529337
0.012418517034068136,0.01,0,0.11835890737768233,0.08405192431397193
0.012446613226452906,0.01,0,0.11893322317485713,0.08458742229462968
0.012474709418837675,0.01,0,0.11951894685012655,0.08513679167139622
0.012502805611222445,0.01,0,0.12012051925009122,0.08570652201949394
0.012530901803607214,0.01,0,0.12073130786341563,0.0862876065006584
0.012558997995991984,0.01,0,0.12135038716963416,0.0868786772130411
0.012587094188376753,0.01,0,0.1219756125566221,0.08747746392838314
0.012615190380761523,0.01,0,0.12260587255909894,0.0880822853790172
0.012643286573146293,0.01,0,0.12324083268017938,0.08869291641441561
0.012671382765531062,0.01,0,0.1238809742779999,0.08930982946676738
0.012699478957915832,0.01,0,0.12452620618705995,0.08993301049778588
0.012727575150300601,0.01,0,0.12517584572636087,0.09056170389118696
0.012755671342685371,0.01,0,0.12583087248524247,0.09119662670603025
0.01278376753507014,0.01,0,0.12649067361291338,0.09183740515086002
0.01281186372745491,0.01,0,0.12715478084684456,0.09248347617705174
0.01283995991983968,0.01,0,0.12782317881113606,0.09313471259555782
0.01286805611222445,0.01,0,0.1284964076838012,0.09379301662537705
0.012896152304609219,0.01,0,0.12917265486703663,0.09446064447592656
0.012924248496993989,0.01,0,0.12985203407510904,0.09513546819294708
0.012952344689378758,0.01,0,0.13053442285480538,0.09581610376702773
0.012980440881763528,0.01,0,0.13122593257908022,0.09650978172041978
0.013008537074148297,0.01,0,0.13192800139836083,0.09721483685453133
0.013036633266533067,0.01,0,0.13263865129125282,0.09792799635782656
0.013064729458917837,0.01,0,0.13335617621385581,0.09864760378957535
0.013092825651302606,0.01,0,0.13408507274020973,0.0993806864453679
0.013120921843687374,0.01,0,0.13482633534944588,0.10012847825821929
0.013149018036072144,0.01,0,0.13557343488051748,0.10088307870694659
0.013177114228456913,0.01,0,0.1363271828436175,0.10164443230984187
0.013205210420841683,0.01,0,0.13709304308513845,0.10241724450118281
0.013233306613226452,0.01,0,0.13786929800065217,0.10320188904024827
0.013261402805611222,0.01,0,0.13865672484494526,0.10399975150966671
0.013289498997995992,0.01,0,0.13945128631852308,0.10480525445823143
0.013317595190380761,0.01,0,0.14025116216095765,0.105617458551661
0.013345691382765531,0.01,0,0.14105729662423835,0.1064361611494628
0.0133737875751503,0.01,0,0.14186671434412107,0.10725958950668567
0.01340188376753507,0.01,0,0.14268420139509538,0.1080918210954994
0.01342997995991984,0.01,0,0.1435043029362127,0.10892783095629179
0.01345807615230461,0.01,0,0.14433082222076302,0.1097716640872305
0.013486172344689379,0.01,0,0.14516322022885342,0.11062238894083076
0.013514268537074148,0.01,0,0.14600123872278692,0.11147940375408553
0.013542364729458918,0.01,0,0.14684355857512396,0.11234156007853016
0.013570460921843688,0.01,0,0.14768996524511835,0.11320670940783457
0.013598557114228457,0.01,0,0.14854236754741762,0.11407693385863604
0.013626653306613227,0.01,0,0.14941035293441504,0.11496194356347506
0.013654749498997996,0.01,0,0.1502906400801475,0.11585850215358721
0.013682845691382766,0.01,0,0.15118505724580855,0.11676897421825554
0.013710941883767536,0.01,0,0.1520902726927905,0.11768969202333826
0.013739038076152305,0.01,0,0.153008574658556,0.1186219518784117
0.013767134268537075,0.01,0,0.15393311374701196,0.11955925692537707
0.013795230460921844,0.01,0,0.15486802194464083,0.12050728208679365
0.013823326653306614,0.01,0,0.15581191034251787,0.12146351909178436
0.013851422845691384,0.01,0,0.15676542930054194,0.12242880735243378
0.013879519038076153,0.01,0,0.15772555795390655,0.12340152113608269
0.013907615230460923,0.01,0,0.15869446480431793,0.1243833284199329
0.013935711422845692,0.01,0,0.15966915054301906,0.12537173085430542
0.01396380761523046,0.01,0,0.1606499548150523,0.1263660178550771
0.01399190380761523,0.01,0,0.16163784796249991,0.12736864092451716
0.01402,0.01,0,0.16263085015826828,0.1283758775909402
0.014048096192384769,0.01,0,0.16362969710738676,0.12938892938222168
0.014076192384769539,0.01,0,0.1646345095719965,0.13040783659268035
0.014104288577154308,0.01,0,0.16564814944919917,0.1314371106805979
0.014132384769539078,0.01,0,0.16666901035182258,0.1324729018201321
0.014160480961923847,0.01,0,0.16770095653092187,0.1335193898389661
0.014188577154308617,0.01,0,0.16874072786031305,0.13457416129030833
0.014216673346693387,0.01,0,0.16978926485642987,0.1356381078957784
0.014244769539078156,0.01,0,0.1708456665396388,0.13670984929809793
0.014272865731462926,0.01,0,0.17190724934324295,0.13778623761899778
0.014300961923847695,0.01,0,0.17297802945471746,0.13887222986231934
0.014329058116232465,0.01,0,0.174054422584804,0.13996401263404465
0.014357154308617235,0.01,0,0.1751368427216721,0.1410609779093324
0.014385250501002004,0.01,0,0.17622477459553051,0.14216265358578545
0.014413346693386774,0.01,0,0.1773175409212091,0.14326887697843055
0.014441442885771543,0.01,0,0.17842607465421384,0.14439617586605968
0.014469539078156313,0.01,0,0.17955132582177927,0.14554727665029754
0.014497635270541083,0.01,0,0.18069214078491444,0.1467171449083778
0.014525731462925852,0.01,0,0.1818550900484686,0.14790998275013947
0.014553827655310622,0.01,0,0.18303850559909834,0.14912078823547859
0.014581923847695391,0.01,0,0.18423485436246348,0.15034740798146992
0.014610020040080161,0.01,0,0.18544419227367762,0.151590165425201
0.01463811623246493,0.01,0,0.18666395482463372,0.15284612086922308
0.0146662124248497,0.01,0,0.18789414229937096,0.15411604357588624
0.01469430861723447,0.01,0,0.18913428218779338,0.15539861227893217
0.01472240480961924,0.01,0,0.19038336418458565,0.1566936937020441
0.014750501002004009,0.01,0,0.1916434720347736,0.15800363873521725
0.014778597194388779,0.01,0,0.1929124313954233,0.1593252772315161
0.014806693386773548,0.01,0,0.19419091561315324,0.16065883343511322
0.014834789579158316,0.01,0,0.19548233528311731,0.16200958694060727
0.014862885771543086,0.01,0,0.19680076421164272,0.1633927846286688
0.014890981963927855,0.01,0,0.19813555061682256,0.16479475766340987
0.014919078156312625,0.01,0,0.19948336518342613,0.16621403810218555
0.014947174348697394,0.01,0,0.2008444713880905,0.1676502710222264
0.014975270541082164,0.01,0,0.20221591026504301,0.16909928177552142
0.015003366733466934,0.01,0,0.20360041115003502,0.17056571581640037
0.015031462925851703,0.01,0,0.2049958140818913,0.1720454790602964
0.015059559118236473,0.01,0,0.2063989345147211,0.1735337176018686
0.015087655310621242,0.01,0,0.20781344996299633,0.17503317465637594
0.015115751503006012,0.01,0,0.20924004165874693,0.1765451039935364
0.015143847695390782,0.01,0,0.21068120958094652,0.17807251257810788
0.015171943887775551,0.01,0,0.21213700072492236,0.17961416692402277
0.01520004008016032,0.01,0,0.21361158909373976,0.18117678817842323
0.01522813627254509,0.01,0,0.2151005082551679,0.18275433523051882
0.01525623246492986,0.01,0,0.21660011135901838,0.1843439859123281
0.01528432865731463,0.01,0,0.21811079230276795,0.18594547182860366
0.0153124248496994,0.01,0,0.21963150846179416,0.18755751680627467
0.015340521042084169,0.01,0,0.22116146669626136,0.1891795104985918
0.015368617234468938,0.01,0,0.22270048860915911,0.19081075755514532
0.015396713426853708,0.01,0,0.22425339917142129,0.19245799006452033
0.015424809619238478,0.01,0,0.22582474356476306,0.194131344213235
0.015452905811623247,0.01,0,0.22741240196071733,0.1958263702964722
0.015481002004008017,0.01,0,0.22901210238016328,0.19753558390586817
0.015509098196392786,0.01,0,0.2306207558210404,0.19925577772119132
0.015537194388777556,0.01,0,0.23223882491275072,0.2009875991185578
0.015565290581162326,0.01,0,0.23386345157170882,0.20272510609064032
0.015593386773547095,0.01,0,0.2354943235807359,0.20446842074360697
0.015621482965931865,0.01,0,0.2371335510151335,0.2062189657523455
0.015649579158316634,0.01,0,0.23878275993436357,0.20797722783301031
0.015677675350701404,0.01,0,0.24044621037884442,0.2097486724664234
0.015705771543086174,0.01,0,0.24212059474582137,0.21153061675663803
0.015733867735470943,0.01,0,0.2438058270882822,0.2133214078110523
0.015761963927855713,0.01,0,0.24550113965705822,0.21512135720288544
0.015790060120240482,0.01,0,0.24720999082262732,0.2169318811690253
0.015818156312625252,0.01,0,0.2489311388125028,0.21874276770286802
0.01584625250501002,0.01,0,0.25068018125528224,0.22058078610130735
0.01587434869739479,0.01,0,0.2524637876953119,0.22245579034077612
0.01590244488977956,0.01,0,0.2542746327063608,0.2243590270577413
0.01593054108216433,0.01,0,0.25610616628243815,0.2262824874681228
0.0159586372745491,0.01,0,0.2579520909679758,0.2282166141884803
0.01598673346693387,0.01,0,0.2598167324017105,0.23016006634310096
0.01601482965931864,0.01,0,0.26170178952388584,0.2321196482301139
0.01604292585170341,0.01,0,0.26360720267530025,0.23409221119702037
0.01607102204408818,0.01,0,0.2655326794973245,0.2360821453685976
0.016099118236472944,0.01,0,0.2674750295098778,0.23808657255546334
0.016127214428857714,0.01,0,0.26943397844983524,0.24010459855466698
0.016155310621242484,0.01,0,0.27141164589396455,0.24213763696885524
0.016183406813627253,0.01,0,0.2734058590527741,0.2441852646088712
0.016211503006012023,0.01,0,0.2754155696671944,0.2462432157609358
0.016239599198396792,0.01,0,0.2774427768894482,0.24831501209933035
0.016267695390781562,0.01,0,0.2794919744670273,0.2504039172758837
0.01629579158316633,0.01,0,0.28156389371014245,0.252515644972111
0.0163238877755511,0.01,0,0.2836572436952367,0.2546441398484481
0.01635198396793587,0.01,0,0.28578058858189476,0.25680093679860894
0.01638008016032064,0.01,0,0.28793069626902523,0.2589842066745433
0.01640817635270541,0.01,0,0.2901070142347208,0.26119647325120243
0.01643627254509018,0.01,0,0.29231919983157717,0.26344115948566005
0.01646436873747495,0.01,0,0.29454776547704703,0.26569942390251605
0.01649246492985972,0.01,0,0.29679501352989973,0.2679694843880185
0.01652056112224449,0.01,0,0.2990702905309405,0.2702503630661823
0.016548657314629258,0.01,0,0.301367524827593,0.27254622049091437
0.016576753507014028,0.01,0,0.30370012659170426,0.2748801744149989
0.016604849699398797,0.01,0,0.30605587940148427,0.2772361781218621
0.016632945891783567,0.01,0,0.3084336458003791,0.2796133023001103
0.016661042084168336,0.01,0,0.31082146805599914,0.2820055404391179
0.016689138276553106,0.01,0,0.313233216196904,0.28441455294941353
0.016717234468937876,0.01,0,0.315657258861092,0.2868344312789214
0.016745330661322645,0.01,0,0.31810006517814954,0.2892749481259611
0.016773426853707415,0.01,0,0.3205638235705596,0.2917247025705537
0.016801523046092184,0.01,0,0.32308139267054237,0.2942222347122685
0.016829619238476954,0.01,0,0.32566110410898963,0.2967738827868053
0.016857715430861724,0.01,0,0.3283121822267731,0.29937653487952876
0.016885811623246493,0.01,0,0.33099648857946246,0.30199823698273903
0.016913907815631263,0.01,0,0.3337246522073225,0.3046524854944355
0.016942004008016032,0.01,0,0.3364954896234936,0.30734007537863606
0.016970100200400802,0.01,0,0.3393063274717306,0.3100546299972227
0.01699819639278557,0.01,0,0.34214912341072035,0.3127909338818092
0.01702629258517034,0.01,0,0.34503579897289166,0.31556202922409726
0.01705438877755511,0.01,0,0.34795839181183374,0.3183589619697485
0.01708248496993988,0.01,0,0.3509443123701692,0.3212104681148818
0.01711058116232465,0.01,0,0.3539743284982618,0.3241007384983165
0.01713867735470942,0.01,0,0.35704888945031305,0.3270266818022256
0.01716677354709419,0.01,0,0.3601742499576771,0.329998109746136
0.01719486973947896,0.01,0,0.36336709509621057,0.3330397732709071
0.01722296593186373,0.01,0,0.3666422340664332,0.33615036215650307
0.017251062124248498,0.01,0,0.3699743772018638,0.33930573705601763
0.017279158316633268,0.01,0,0.3733741485250907,0.34251222002424625
0.017307254509018037,0.01,0,0.3768387483231072,0.3457665661894127
0.017335350701402807,0.01,0,0.38037775876284613,0.3490831748070867
0.017363446893787576,0.01,0,0.38397787790455246,0.35244806427776887
0.017391543086172346,0.01,0,0.38763919071228203,0.35585760502642155
0.017419639278557116,0.01,0,0.3913470173906329,0.35930416880622174
0.017447735470941885,0.01,0,0.39510326749809876,0.3627829668666941
0.017475831663326655,0.01,0,0.3989079221619986,0.36629743114264335
0.017503927855711424,0.01,0,0.4027456799339759,0.36982907367413864
0.017532024048096194,0.01,0,0.406628585714429,0.3733806755267266
0.017560120240480964,0.01,0,0.4105673287058338,0.37696260944691906
0.017588216432865733,0.01,0,0.41459048659535436,0.3805956831481718
0.017616312625250503,0.01,0,0.4186858314442768,0.38427156337109614
0.017644408817635272,0.01,0,0.4228581493713306,0.38798694115941434
0.017672505010020042,0.01,0,0.4270982212735853,0.39172955869024545
0.01770060120240481,0.01,0,0.4314265240671929,0.3955125036803383
0.01772869739478958,0.01,0,0.43584253802115236,0.39933229891116184
0.01775679358717435,0.01,0,0.44034749763012687,0.40319028524738065
0.017784889779559117,0.01,0,0.4449251846433067,0.4070806982627298
0.017812985971943886,0.01,0,0.4495620883263002,0.41099705943998494
0.017841082164328656,0.01,0,0.45425269907233684,0.4149381376006587
0.017869178356713426,0.01,0,0.4589969141337506,0.41890199558403857
0.017897274549098195,0.01,0,0.4637808328562128,0.4228795764520435
0.017925370741482965,0.01,0,0.4686561850715148,0.4269111512083142
0.017953466933867734,0.01,0,0.4736190883968583,0.43099573832399396
0.017981563126252504,0.01,0,0.4785891345717936,0.4350823980058901
0.018009659318637274,0.01,0,0.483642696337003,0.4392190924501121
0.018037755511022043,0.01,0,0.4888069904549061,0.4434057040958156
0.018065851703406813,0.01,0,0.49411406659476637,0.447610549299932
0.018093947895791582,0.01,0,0.49949916485085116,0.45184488490700603
0.018122044088176352,0.01,0,0.5049448585360449,0.45610064216074325
0.01815014028056112,0.01,0,0.5104466778424838,0.46037996568445455
0.01817823647294589,0.01,0,0.516000727430349,0.4646837423401439
0.01820633266533066,0.01,0,0.5215887032578914,0.46900236444921406
0.01823442885771543,0.01,0,0.5272129205699603,0.47334115595423043
0.0182625250501002,0.01,0,0.5328952326442782,0.4776690572888183
0.01829062124248497,0.01,0,0.5386503454108585,0.48201012925988246
0.01831871743486974,0.01,0,0.5444680062787977,0.4863710490151586
0.01834681362725451,0.01,0,0.550341415009012,0.490753105342894
0.01837490981963928,0.01,0,0.5562552087545308,0.4951530889214634
0.018403006012024048,0.01,0,0.5622171339754869,0.49957657364784963
0.018431102204408818,0.01,0,0.5682215024131748,0.5040141960386636
0.018459198396793587,0.01,0,0.5742733861831018,0.5084778087759007
0.018487294589178357,0.01,0,0.5803883457075094,0.5129490631919883
0.018515390781563126,0.01,0,0.5865779376161663,0.5174295633724509
0.018543486973947896,0.01,0,0.5928493203008496,0.521938298842062
0.018571583166332666,0.01,0,0.5992046607443267,0.5264601259636954
0.018599679358717435,0.01,0,0.605641287642574,0.5310044408516459
0.018627775551102205,0.01,0,0.6121285047717601,0.5355634388185226
0.018655871743486974,0.01,0,0.6186999433142867,0.5401570122009063
0.018683967935871744,0.01,0,0.6253572998544781,0.5447732014114178
0.018712064128256514,0.01,0,0.6320962179265347,0.5494156775650795
0.018740160320641283,0.01,0,0.6389167015657268,0.5540960232032209
0.018768256513026053,0.01,0,0.6458097925169805,0.558799027130991
0.018796352705410822,0.01,0,0.6527829470658736,0.5635377793713888
0.018824448897795592,0.01,0,0.6598115054060498,0.5682891203323219
0.01885254509018036,0.01,0,0.6668982554549466,0.5730647782304823
0.01888064128256513,0.01,0,0.6740428669278485,0.5778523610022347
0.0189087374749499,0.01,0,0.6812252532793032,0.58264530015107
0.01893683366733467,0.01,0,0.68843783955648,0.5874450698780062
0.01896492985971944,0.01,0,0.6956929233814826,0.5922545280061877
0.01899302605210421,0.01,0,0.7030207490205628,0.5971146613643148
0.01902112224448898,0.01,0,0.7104555616208434,0.6020279689204271
0.01904921843687375,0.01,0,0.7179622178125551,0.6069609940662731
0.01907731462925852,0.01,0,0.7254989577812155,0.6118818007566124
0.019105410821643288,0.01,0,0.7330449960891097,0.6167910710855564
0.019133507014028057,0.01,0,0.7406040651983501,0.6216872735559046
0.019161603206412827,0.01,0,0.7481748881761265,0.6265750958585773
0.019189699398797597,0.01,0,0.7557803677781032,0.6314725630568766
0.019217795591182366,0.01,0,0.7633916403436042,0.6363591154005792
0.019245891783567136,0.01,0,0.7710157731246617,0.6412350505442719
0.019273987975951905,0.01,0,0.7786431493040016,0.6460581732101552
0.019302084168336675,0.01,0,0.7863049503503609,0.6508255578341857
0.019330180360721445,0.01,0,0.7940034348765241,0.6555574166201398
0.019358276553106214,0.01,0,0.8017476462189407,0.6602850386813893
0.019386372745490984,0.01,0,0.8095065753448022,0.6649972665606421
0.019414468937875753,0.01,0,0.817286787255969,0.6697074541317382
0.019442565130260523,0.01,0,0.8251038215781834,0.6744183783286972
0.01947066132264529,0.01,0,0.8329251990766741,0.6791070337173103
0.01949875751503006,0.01,0,0.8407834411995082,0.6837860727623662
0.01952685370741483,0.01,0,0.8486757044253264,0.6884665120481716
0.019554949899799598,0.01,0,0.8565960169840406,0.6931302810520971
0.019583046092184368,0.01,0,0.8645504218460695,0.6977894307105639
0.019611142284569137,0.01,0,0.8724902740848377,0.7024045355070768
0.019639238476953907,0.01,0,0.8804366750121849,0.7069878814645847
0.019667334669338676,0.01,0,0.8884051788492435,0.7115411030743201
0.019695430861723446,0.01,0,0.8963985427397329,0.7160821297182531
0.019723527054108216,0.01,0,0.9044118528054647,0.7206069492971878
0.019751623246492985,0.01,0,0.9124450320038979,0.725097670431207
0.019779719438877755,0.01,0,0.9205129854837155,0.7295798341367986
0.019807815631262524,0.01,0,0.9286126435900713,0.7340475732782321
0.019835911823647294,0.01,0,0.9368355275529566,0.7384816661890256
0.019864008016032064,0.01,0,0.9452562260179127,0.7428662597065029
0.019892104208416833,0.01,0,0.9538011598153636,0.7471769533627292
0.019920200400801603,0.01,0,0.9625026395960162,0.7514368064456973
0.019948296593186372,0.01,0,0.9713626031005718,0.7556387825358929
0.019976392785571142,0.01,0,0.9802877220197602,0.759792847712007
0.02000448897795591,0.01,0,0.9892945474871682,0.7639335827663222
0.02003258517034068,0.01,0,0.9983504461180756,0.7680435368417845
0.02006068136272545,0.01,0,1.0074894061511461,0.7721554468831328
0.02008877755511022,0.01,0,1.016747458298315,0.7762666887331122
0.02011687374749499,0.01,0,1.026106700806054,0.7802975818182474
0.02014496993987976,0.01,0,1.0356194636415308,0.7842570493465063
0.02017306613226453,0.01,0,1.0452321993817408,0.7881563784987002
0.0202011623246493,0.01,0,1.0548931512236264,0.7919898576885911
0.02022925851703407,0.01,0,1.0645857958528093,0.7957482481002508
0.020257354709418838,0.01,0,1.0743028120195859,0.799457063386915
0.020285450901803607,0.01,0,1.0840233274931808,0.8031088280311147
0.020313547094188377,0.01,0,1.0938549970558815,0.8068017546214906
0.020341643286573147,0.01,0,1.1037495796606664,0.8105248889186442
0.020369739478957916,0.01,0,1.1137112142654941,0.814237309184795
0.020397835671342686,0.01,0,1.1237114885223942,0.8179310785592777
0.020425931863727455,0.01,0,1.1337313858282536,0.8215949317447749
0.020454028056112225,0.01,0,1.1437680487185098,0.8252365476013451
0.020482124248496995,0.01,0,1.153799429339688,0.8288528879444272
0.020510220440881764,0.01,0,1.1638171419448249,0.8324592996847102
0.020538316633266534,0.01,0,1.1738201882613621,0.8360727749238239
0.020566412825651303,0.01,0,1.1838380635039731,0.8396874323439841
0.020594509018036073,0.01,0,1.1938361251970697,0.8432926443783091
0.020622605210420843,0.01,0,1.2037826147771051,0.8468691244847182
0.020650701402805612,0.01,0,1.2136204454326542,0.8503655248877817
0.020678797595190382,0.01,0,1.2234560038434583,0.8538143511139988
0.02070689378757515,0.01,0,1.2333287396090182,0.857248556231079
0.02073498997995992,0.01,0,1.2432416951766208,0.8606732310904275
0.02076308617234469,0.01,0,1.2531500732630998,0.86407574432202
0.02079118236472946,0.01,0,1.2630986472852166,0.8674523968021267
0.02081927855711423,0.01,0,1.2732971158509643,0.8709682784465297
0.020847374749499,0.01,0,1.283629973899672,0.8745734013770394
0.02087547094188377,0.01,0,1.294016700948237,0.8781760545287732
0.02090356713426854,0.01,0,1.304465122576819,0.8817945252005759
0.020931663326653308,0.01,0,1.3149880468107602,0.8854167438745697
0.020959759519038078,0.01,0,1.3255666474761005,0.8890050699212625
0.020987855711422847,0.01,0,1.3362347961597953,0.8925542689648984
0.021015951903807617,0.01,0,1.346936072564661,0.8960752120903512
0.021044048096192387,0.01,0,1.3577107299555589,0.8995951000197863
0.021072144288577156,0.01,0,1.3685831636391526,0.9030969524754631
0.021100240480961926,0.01,0,1.3794461904717337,0.9065005229123554
0.021128336673346695,0.01,0,1.390199106563435,0.9097922076208199
0.02115643286573146,0.01,0,1.4009735526173714,0.9130169142323938
0.02118452905811623,0.01,0,1.4118386713445095,0.9161572155978365
0.021212625250501,0.01,0,1.4229087422431184,0.9191462437954585
0.02124072144288577,0.01,0,1.43422041831302,0.9220316296680894
0.02126881763527054,0.01,0,1.4459090275671451,0.9247714026945514
0.02129691382765531,0.01,0,1.4576498193045917,0.9274532360230452
0.02132501002004008,0.01,0,1.4694183889567778,0.9301221882663124
0.02135310621242485,0.01,0,1.4810627708422408,0.932760651643193
0.02138120240480962,0.01,0,1.4926484944250515,0.9354270450271694
0.021409298597194388,0.01,0,1.504204010950737,0.9380145671972628
0.021437394789579158,0.01,0,1.515689511233037,0.9406246590016976
0.021465490981963927,0.01,0,1.5270665995324426,0.9432346953000688
0.021493587174348697,0.01,0,1.538400361487245,0.9458632498574452
0.021521683366733466,0.01,0,1.5497251464602622,0.9484461372556556
0.021549779559118236,0.01,0,1.5610340634525164,0.9510594745640145
0.021577875751503005,0.01,0,1.5722977002831267,0.9536554436108116
0.021605971943887775,0.01,0,1.5835015605918992,0.9562517638060241
0.021634068136272545,0.01,0,1.5946628159975047,0.9588281980496948
0.021662164328657314,0.01,0,1.605735099107397,0.9613681296844213
0.021690260521042084,0.01,0,1.6167765002046537,0.9639093696941295
0.021718356713426853,0.01,0,1.6277419491950047,0.9664514297544502
0.021746452905811623,0.01,0,1.6386942162134353,0.9690367938867821
0.021774549098196393,0.01,0,1.649565311571835,0.9716138959868037
0.021802645290581162,0.01,0,1.660449491473769,0.9742150534760574
0.021830741482965932,0.01,0,1.6713198242160199,0.976839872537296
0.0218588376753507,0.01,0,1.6822068269006103,0.979507547157583
0.02188693386773547,0.01,0,1.6931228156042015,0.9822007450221235
0.02191503006012024,0.01,0,1.7040565953408713,0.9848954626706654
0.02194312625250501,0.01,0,1.7150328598261244,0.9875853802413945
0.02197122244488978,0.01,0,1.7259834545952253,0.9902571633652685
0.02199931863727455,0.01,0,1.7369587553273926,0.9929279622957574
0.02202741482965932,0.01,0,1.7479147732952598,0.9955986161618223
0.02205551102204409,0.01,0,1.758903838722306,0.998290643248788
0.022083607214428858,0.01,0,1.769862144566668,1.0009724402774853
0.022111703406813628,0.01,0,1.7807682391153172,1.003637409245131
0.022139799599198397,0.01,0,1.791640941992528,1.0062849944039107
0.022167895791583167,0.01,0,1.8024916431348568,1.0089118949228655
0.022195991983967937,0.01,0,1.813276245466287,1.0115170294224232
0.022224088176352706,0.01,0,1.8240071102276636,1.0141287280886864
0.022252184368737476,0.01,0,1.8347214811017407,1.01673387527613
0.022280280561122245,0.01,0,1.8453830558264368,1.0193150321153648
0.022308376753507015,0.01,0,1.8560231675305292,1.0218918882612409
0.022336472945891785,0.01,0,1.8666159941866844,1.0244698457824808
0.022364569138276554,0.01,0,1.8771347549254986,1.0270335885926627
0.022392665330661324,0.01,0,1.8875915420767078,1.0295535930644542
0.022420761523046093,0.01,0,1.8980030812627497,1.0320349585140398
0.022448857715430863,0.01,0,1.9084281784752932,1.0345191880533504
0.022476953907815633,0.01,0,1.9189447936888717,1.0370444379482187
0.022505050100200402,0.01,0,1.9295207463086042,1.039584854962941
0.022533146292585172,0.01,0,1.94007883877654,1.0421069815394455
0.02256124248496994,0.01,0,1.9506078601434769,1.0445859674493132
0.02258933867735471,0.01,0,1.9611347935419021,1.0470380018540746
0.02261743486973948,0.01,0,1.9716314426491413,1.0494487923299947
0.02264553106212425,0.01,0,1.9820529953043446,1.0517674845690876
0.02267362725450902,0.01,0,1.9923210122290342,1.05394619539366
0.02270172344689379,0.01,0,2.002550556508981,1.056027324030077
0.02272981963927856,0.01,0,2.0126734868306513,1.0578717928340176
0.02275791583166333,0.01,0,2.0227140467267133,1.0595207432192817
0.022786012024048098,0.01,0,2.0331796487274363,1.0610799382597271
0.022814108216432868,0.01,0,2.0437618601307705,1.0625489147381126
0.022842204408817637,0.01,0,2.0544512665075683,1.0639816214406206
0.022870300601202403,0.01,0,2.0651674902173,1.0653048773622993
0.022898396793587173,0.01,0,2.075718903555683,1.0664326904623285
0.022926492985971943,0.01,0,2.0861305852913836,1.067411403572572
0.022954589178356712,0.01,0,2.0964861289904975,1.0682735248824906
0.022982685370741482,0.01,0,2.1069149686454955,1.0689629442290554
0.02301078156312625,0.01,0,2.117235359385045,1.0695531016611752
0.02303887775551102,0.01,0,2.127504086604177,1.0700977686040518
0.02306697394789579,0.01,0,2.1376624819207213,1.070605390242636
0.02309507014028056,0.01,0,2.148004387952331,1.0712490226439868
0.02312316633266533,0.01,0,2.158398508429237,1.0719193406909528
0.0231512625250501,0.01,0,2.1688805345024127,1.0725913751345701
0.02317935871743487,0.01,0,2.179370365487189,1.07323406116257
0.02320745490981964,0.01,0,2.189784737782737,1.0737850098805288
0.023235551102204408,0.01,0,2.2002287063724157,1.0742745699057563
0.023263647294589178,0.01,0,2.21066288010221,1.0747155648547229
0.023291743486973947,0.01,0,2.2210380804179986,1.0751860154421111
0.023319839679358717,0.01,0,2.2313897217250216,1.0757159240767036
0.023347935871743487,0.01,0,2.241763050692785,1.0763411994981442
0.023376032064128256,0.01,0,2.2522245485668506,1.0768799004851237
0.023404128256513026,0.01,0,2.262692212483373,1.0773872554608532
0.023432224448897795,0.01,0,2.273220354343867,1.0778836026621306
0.023460320641282565,0.01,0,2.2838433386936052,1.0783937172235942
0.023488416833667335,0.01,0,2.294509439735691,1.0788289549877867
0.023516513026052104,0.01,0,2.305281874108775,1.0791813096849965
0.023544609218436874,0.01,0,2.316051847489845,1.0794786213713448
0.023572705410821643,0.01,0,2.3270053175182412,1.079809326414497
0.023600801603206413,0.01,0,2.3381713553149805,1.0801760122628117
0.023628897795591183,0.01,0,2.3494834534164557,1.0805033332892506
0.023656993987975952,0.01,0,2.3609547707490073,1.0808446112564094
0.023685090180360722,0.01,0,2.372559044698932,1.0811368638358256
0.02371318637274549,0.01,0,2.384239362506412,1.0813017192091667
0.02374128256513026,0.01,0,2.3958270826032173,1.08135371895315
0.02376937875751503,0.01,0,2.407303093768005,1.0813389104101923
0.0237974749498998,0.01,0,2.418672616266664,1.0812094820583569
0.02382557114228457,0.01,0,2.429813426364771,1.080977101081513
0.02385366733466934,0.01,0,2.4408214957796712,1.0805595362436817
0.02388176352705411,0.01,0,2.451811263961282,1.0799918600437408
0.02390985971943888,0.01,0,2.4627286014252427,1.0793463736782776
0.023937955911823648,0.01,0,2.4735855338966664,1.0785656914351875
0.023966052104208418,0.01,0,2.4843929753176965,1.0776733382220778
0.023994148296593187,0.01,0,2.4951053543503687,1.0766589073698305
0.024022244488977957,0.01,0,2.50565002088075,1.0755339295547324
0.024050340681362727,0.01,0,2.5161377872102872,1.0743661075821938
0.024078436873747496,0.01,0,2.526440875822967,1.0731317092733994
0.024106533066132266,0.01,0,2.5363386455430796,1.0717870872797561
0.024134629258517035,0.01,0,2.546029713694987,1.0703264793124183
0.024162725450901805,0.01,0,2.5555878498890348,1.0688124055420756
0.024190821643286575,0.01,0,2.5649009031917354,1.0672094776948233
0.024218917835671344,0.01,0,2.574034859065899,1.0654980640779397
0.024247014028056114,0.01,0,2.5829511182660236,1.0636214664287116
0.024275110220440883,0.01,0,2.5916155203132165,1.061605921411502
0.024303206412825653,0.01,0,2.600051011334875,1.0594533797487522
0.024331302605210423,0.01,0,2.6083357539448064,1.0572189634194429
0.024359398797595192,0.01,0,2.616434229060049,1.054876412903061
0.024387494989979962,0.01,0,2.624340056607311,1.0524038079787212
0.02441559118236473,0.01,0,2.6318896355622594,1.0498301242605166
0.0244436873747495,0.01,0,2.6392930528145433,1.0472256956441044
0.02447178356713427,0.01,0,2.6464741107671053,1.0445863627604
0.02449987975951904,0.01,0,2.6532501293298965,1.041826557030864
0.02452797595190381,0.01,0,2.6596158805684627,1.0389529381547031
0.024556072144288576,0.01,0,2.6656322155582357,1.0359520200208123
0.024584168336673345,0.01,0,2.6713930840262257,1.032867262914251
0.024612264529058115,0.01,0,2.6767679434167104,1.0294722121939697
0.024640360721442885,0.01,0,2.682076749251389,1.0259072735782415
0.024668456913827654,0.01,0,2.68711568968433,1.0222824748537043
0.024696553106212424,0.01,0,2.6917002690467147,1.018506586358911
0.024724649298597193,0.01,0,2.6959654990411774,1.014653169167946
0.024752745490981963,0.01,0,2.699775606903369,1.0106437438883675
0.024780841683366733,0.01,0,2.7033909983328006,1.0065671344351792
0.024808937875751502,0.01,0,2.7067422657937343,1.0023721656915172
0.024837034068136272,0.01,0,2.709779234015823,0.9980879531665398
0.02486513026052104,0.01,0,2.7123820470363165,0.9937299150779494
0.02489322645290581,0.01,0,2.7144505504837815,0.9892661981253086
0.02492132264529058,0.01,0,2.7158384927575048,0.9846583544868596
0.02494941883767535,0.01,0,2.716672559120707,0.9800010620270169
0.02497751503006012,0.01,0,2.7170327266988226,0.9752905912777625
0.02500561122244489,0.01,0,2.716668583056713,0.9703891899988613
0.02503370741482966,0.01,0,2.7153597839893258,0.9652013818549042
0.02506180360721443,0.01,0,2.713466690148936,0.9598463769687727
0.025089899799599198,0.01,0,2.710984743561483,0.9543426632048044
0.025117995991983968,0.01,0,2.7079921135946448,0.9486663271353896
0.025146092184368737,0.01,0,2.7043567893305,0.9427842566709705
0.025174188376753507,0.01,0,2.700391457117586,0.9368086461123708
0.025202284569138277,0.01,0,2.696030483826252,0.930758666495082
0.025230380761523046,0.01,0,2.6911431587090866,0.9246584333250537
0.025258476953907816,0.01,0,2.6858709440234625,0.9185312998632762
0.025286573146292585,0.01,0,2.6801211438822534,0.912300826395455
0.025314669338677355,0.01,0,2.674003949651035,0.9061417068884308
0.025342765531062125,0.01,0,2.6676123767755424,0.9000759456947535
0.025370861723446894,0.01,0,2.6606341616277063,0.8940444629529387
0.025398957915831664,0.01,0,2.653291195717863,0.8879847080606043
0.025427054108216433,0.01,0,2.6453849522959514,0.8817600241446506
0.025455150300601203,0.01,0,2.6369140100678194,0.8756053674508146
0.025483246492985973,0.01,0,2.6277295869282864,0.8695395449613598
0.025511342685370742,0.01,0,2.617723943400784,0.8634311360513506
0.025539438877755512,0.01,0,2.6070654685013643,0.8573442152255231
0.02556753507014028,0.01,0,2.595666419412232,0.8512797763441361
0.02559563126252505,0.01,0,2.5836262630448337,0.8452347162247318
0.02562372745490982,0.01,0,2.5707505363249856,0.8391976452749982
0.02565182364729459,0.01,0,2.557411330529376,0.8331979306634764
0.02567991983967936,0.01,0,2.5436012859056536,0.8272746778206855
0.02570801603206413,0.01,0,2.5294249243767095,0.821584381244315
0.0257361122244489,0.01,0,2.5147629005610126,0.8160810308949472
0.02576420841683367,0.01,0,2.4997827000513637,0.8107046846655376
0.025792304609218438,0.01,0,2.4842971222130537,0.8054148486439889
0.025820400801603208,0.01,0,2.4684215024442584,0.8001942620419247
0.025848496993987977,0.01,0,2.45214301390229,0.7950435599004367
0.025876593186372747,0.01,0,2.4358601080443107,0.7899765740173584
0.025904689378757517,0.01,0,2.4191627589325915,0.7848252079368927
0.025932785571142286,0.01,0,2.4020322640300593,0.7794497451194184
0.025960881763527056,0.01,0,2.3842844141179302,0.7737490518074576
0.025988977955911825,0.01,0,2.3660726879938996,0.767920687367415
0.026017074148296595,0.01,0,2.347624608658229,0.7620335911002611
0.026045170340681364,0.01,0,2.328648439563342,0.7560629632215515
0.026073266533066134,0.01,0,2.30918869628366,0.7498258536256547
0.026101362725450904,0.01,0,2.289097483641565,0.7433898621893607
0.026129458917835673,0.01,0,2.26859301671489,0.7367490367120642
0.026157555110220443,0.01,0,2.2476343730125206,0.7299242196811471
0.026185651302605212,0.01,0,2.2261503975683525,0.7228880313710699
0.026213747494989982,0.01,0,2.204184615532744,0.7156991586553957
0.026241843687374748,0.01,0,2.18176067099352,0.7083416775788173
0.026269939879759518,0.01,0,2.158917701943289,0.7009501654975533
0.026298036072144287,0.01,0,2.135446385893031,0.693364857363621
0.026326132264529057,0.01,0,2.111469537331305,0.6857335879212987
0.026354228456913827,0.01,0,2.0868838088412374,0.677884663709317
0.026382324649298596,0.01,0,2.0614614231310435,0.6698808283322826
0.026410420841683366,0.01,0,2.0355249651451013,0.6617859028702189
0.026438517034068135,0.01,0,2.009043483272616,0.6533575377820621
0.026466613226452905,0.01,0,1.9820654540767568,0.6447872394204398
0.026494709418837675,0.01,0,1.9546843711485609,0.6359622047167959
0.026522805611222444,0.01,0,1.9269243078940534,0.6269927410270165
0.026550901803607214,0.01,0,1.8987800959343788,0.617833010071752
0.026578997995991983,0.01,0,1.870340820984005,0.6085948813225038
0.026607094188376753,0.01,0,1.8415945597686194,0.5993230677380929
0.026635190380761523,0.01,0,1.8124003801737871,0.5898840421293733
0.026663286573146292,0.01,0,1.7830515260353763,0.5803976250959674
0.026691382765531062,0.01,0,1.7532510623970148,0.5707519217395575
0.02671947895791583,0.01,0,1.7229369614433199,0.560820592990855
0.0267475751503006,0.01,0,1.6919519904550444,0.5506676719109396
0.02677567134268537,0.01,0,1.6600548246294302,0.540328021768748
0.02680376753507014,0.01,0,1.6274634409647752,0.5297327536368205
0.02683186372745491,0.01,0,1.5941638942922378,0.5188476815831821
0.02685995991983968,0.01,0,1.5603008002365635,0.5078352439704973
0.02688805611222445,0.01,0,1.5260087842020698,0.4965422220386452
0.02691615230460922,0.01,0,1.4915061983213473,0.48510204326955875
0.026944248496993988,0.01,0,1.4566521741248981,0.47339519384152334
0.026972344689378758,0.01,0,1.4211796514041586,0.46131449741411895
0.027000440881763527,0.01,0,1.3851282261289835,0.44896591896154364
0.027028537074148297,0.01,0,1.3485679110489268,0.43638518770260476
0.027056633266533067,0.01,0,1.3113561263385896,0.42352031079328095
0.027084729458917836,0.01,0,1.2738775049513438,0.41063408923492817
0.027112825651302606,0.01,0,1.2359384439002523,0.39759763554668753
0.027140921843687375,0.01,0,1.197911545506508,0.38470366438996345
0.027169018036072145,0.01,0,1.1596346205937924,0.37175011191732754
0.027197114228456915,0.01,0,1.121270454067606,0.3586918812520855
0.027225210420841684,0.01,0,1.0825957065793257,0.3457276685382853
0.027253306613226454,0.01,0,1.0437861783254976,0.33265128328774307
0.027281402805611223,0.01,0,1.0048701515056677,0.3195788529141364
0.027309498997995993,0.01,0,0.9660975454961914,0.30661313206329865
0.027337595190380762,0.01,0,0.9272887827553788,0.2937730792181643
0.027365691382765532,0.01,0,0.888479227088314,0.28098968867684654
0.0273937875751503,0.01,0,0.8499004428970968,0.26843270478505343
0.02742188376753507,0.01,0,0.8115810029587065,0.25599986499792204
0.02744997995991984,0.01,0,0.7731762540381701,0.24359628438961123
0.02747807615230461,0.01,0,0.7350399818461059,0.23128646613316658
0.02750617234468938,0.01,0,0.6970576464882734,0.21901653496804988
0.02753426853707415,0.01,0,0.6592274568342665,0.206769300139497
0.02756236472945892,0.01,0,0.6216622046094362,0.19461654554925706
0.02759046092184369,0.01,0,0.5842903615296043,0.1825295558502807
0.02761855711422846,0.01,0,0.5470261178465343,0.17050633938388723
0.027646653306613228,0.01,0,0.5099801712423833,0.15860993389090328
0.027674749498997998,0.01,0,0.47314157631143294,0.14688217233888604
0.027702845691382767,0.01,0,0.4364461486528753,0.13521828525551452
0.027730941883767537,0.01,0,0.39999833654734007,0.1237037280430694
0.027759038076152306,0.01,0,0.36363693844496253,0.1122662078975152
0.027787134268537076,0.01,0,0.3274638784026469,0.1009414038831492
0.027815230460921846,0.01,0,0.2914751229766436,0.08974358602725033
0.027843326653306615,0.01,0,0.2555663429083419,0.07859399890419132
0.027871422845691385,0.01,0,0.21969075727752155,0.06751188476861614
0.027899519038076154,0.01,0,0.18385450463994088,0.05645887945579835
0.02792761523046092,0.01,0,0.14802762838341654,0.04541800325145657
0.02795571142284569,0.01,0,0.11224953926615246,0.034412180495461124
0.02798380761523046,0.01,0,0.07656927138102228,0.023434436348025292
0.02801190380761523,0.01,0,0.040954336834838755,0.012501492280739403
0.02804,0.01,0,0.005821661803558622,0.001772973212532194
0.028065,0.01,0,0.0,0.0
